Title	Wikipedia Link	IMDB Link	IMDB ID	Mismatched IMDB	Rotten Tomatoes Link	Mismatched Rotten Tomatoes	Metacritic Link	Mismatched Metacritic	Box Office Mojo Link
Garbage Dreams	https://en.wikipedia.org/wiki/Garbage_Dreams	http://www.imdb.com/title/tt1344314/	tt1344314	False	http://www.rottentomatoes.com/m/garbage_dreams/?search=garbage%20dreams	False	http://www.metacritic.com/movie/garbage-dreams	False	https://www.boxofficemojo.com/title/tt1344314/
Sweetgrass	https://en.wikipedia.org/wiki/Sweetgrass_(film)	http://www.imdb.com/title/tt1517252/	tt1517252	False	http://www.rottentomatoes.com/m/sweetgrass/	False	http://www.metacritic.com/movie/sweetgrass	False	https://www.boxofficemojo.com/title/tt1517252/
Daybreakers	https://en.wikipedia.org/wiki/Daybreakers	http://www.imdb.com/title/tt0433362/	tt0433362	False	http://www.rottentomatoes.com/m/daybreakers	False	http://www.metacritic.com/movie/daybreakers	False	https://www.boxofficemojo.com/title/tt0433362/
Leap Year	https://en.wikipedia.org/wiki/Leap_Year_(2010_film)	http://www.imdb.com/title/tt1216492/	tt1216492	False	http://www.rottentomatoes.com/m/leap_year_2010	False	http://www.metacritic.com/movie/leap-year	False	https://www.boxofficemojo.com/title/tt1216492/
Stranger Things	https://en.wikipedia.org/wiki/Stranger_Things_(film)	http://www.imdb.com/title/tt1468737/	tt1468737	False	http://www.rottentomatoes.com/m/stranger_things_2011	False	http://www.metacritic.com/movie/stranger-things	False	https://www.boxofficemojo.com/title/tt1468737/
Youth in Revolt	https://en.wikipedia.org/wiki/Youth_in_Revolt_(film)	http://www.imdb.com/title/tt0403702/	tt0403702	False	http://www.rottentomatoes.com/m/youth_in_revolt	False	http://www.metacritic.com/movie/youth-in-revolt	False	https://www.boxofficemojo.com/title/tt0403702/
B*tch Slap	https://en.wikipedia.org/wiki/Bitch_Slap	http://www.imdb.com/title/tt1212974/	tt1212974	False	http://www.rottentomatoes.com/m/10010153-bitch_slap	False	http://www.metacritic.com/movie/bitch-slap	False	https://www.boxofficemojo.com/title/tt1212974/
Crazy on the Outside	https://en.wikipedia.org/wiki/Crazy_on_the_Outside	http://www.imdb.com/title/tt1196134/	tt1196134	False	https://www.rottentomatoes.com/m/crazy_on_the_outside	False	http://www.metacritic.com/movie/crazy-on-the-outside	False	https://www.boxofficemojo.com/title/tt1196134/
Pyaar Impossible!	https://en.wikipedia.org/wiki/Pyaar_Impossible!	http://www.imdb.com/title/tt1351224/	tt1351224	False	https://www.rottentomatoes.com/m/pyaar_impossible	False	http://www.metacritic.com/movie/pyaar-impossible	False	https://www.boxofficemojo.com/title/tt1351224/
Waiting for Armageddon	https://en.wikipedia.org/wiki/Waiting_for_Armageddon	http://www.imdb.com/title/tt1372746/	tt1372746	False	http://www.rottentomatoes.com/m/waiting_for_armageddon	False	https://www.metacritic.com/movie/waiting-for-armageddon	False	https://www.boxofficemojo.com/title/tt1372746/
Wonderful World	https://en.wikipedia.org/wiki/Wonderful_World_(2009_film)	http://www.imdb.com/title/tt0857275/	tt0857275	False	http://www.rottentomatoes.com/m/10011946-wonderful_world	False	http://www.metacritic.com/movie/wonderful-world	False	https://www.boxofficemojo.com/title/tt0857275/
The Book of Eli	https://en.wikipedia.org/wiki/The_Book_of_Eli	http://www.imdb.com/title/tt1037705/	tt1037705	False	http://www.rottentomatoes.com/m/the_book_of_eli	False	http://www.metacritic.com/movie/the-book-of-eli	False	https://www.boxofficemojo.com/title/tt1037705/
The Spy Next Door	https://en.wikipedia.org/wiki/The_Spy_Next_Door	http://www.imdb.com/title/tt1273678/	tt1273678	False	http://www.rottentomatoes.com/m/spy_next_door	False	http://www.metacritic.com/movie/spynextdoor	False	https://www.boxofficemojo.com/title/tt1273678/
44 Inch Chest	https://en.wikipedia.org/wiki/44_Inch_Chest	http://www.imdb.com/title/tt0914837/	tt0914837	False	http://www.rottentomatoes.com/m/44_inch_chest	False	http://www.metacritic.com/movie/44-inch-chest	False	https://www.boxofficemojo.com/title/tt0914837/
Fish Tank	https://en.wikipedia.org/wiki/Fish_Tank_(film)	http://www.imdb.com/title/tt1232776/	tt1232776	False	http://www.rottentomatoes.com/m/fish_tank	False	http://www.metacritic.com/movie/fish-tank	False	https://www.boxofficemojo.com/title/tt1232776/
House of Numbers: Anatomy of an Epidemic	https://en.wikipedia.org/wiki/House_of_Numbers:_Anatomy_of_an_Epidemic	http://www.imdb.com/title/tt1311710/	tt1311710	False	https://www.rottentomatoes.com/m/house_of_numbers	False	http://www.metacritic.com/movie/house-of-numbers-anatomy-of-an-epidemic	False	https://www.boxofficemojo.com/title/tt1311710/
Extraordinary Measures	https://en.wikipedia.org/wiki/Extraordinary_Measures	http://www.imdb.com/title/tt1244659/	tt1244659	False	http://www.rottentomatoes.com/m/extraordinary_measures	False	https://www.metacritic.com/movie/extraordinary-measures	False	https://www.boxofficemojo.com/title/tt1244659/
Legion	https://en.wikipedia.org/wiki/Legion_(2010_film)	http://www.imdb.com/title/tt1038686/	tt1038686	False	http://www.rottentomatoes.com/m/legion_2010	False	http://www.metacritic.com/movie/legion	False	https://www.boxofficemojo.com/title/tt1038686/
Tooth Fairy	https://en.wikipedia.org/wiki/Tooth_Fairy_(2010_film)	http://www.imdb.com/title/tt0808510/	tt0808510	False	http://www.rottentomatoes.com/m/1202110-tooth_fairy	False	http://www.metacritic.com/movie/tooth-fairy	False	https://www.boxofficemojo.com/title/tt0808510/
Creation	https://en.wikipedia.org/wiki/Creation_(2009_film)	http://www.imdb.com/title/tt0974014/	tt0974014	False	http://www.rottentomatoes.com/m/1205717-creation	False	http://www.metacritic.com/movie/creation/	False	https://www.boxofficemojo.com/title/tt0974014/
The Girl on the Train	https://en.wikipedia.org/wiki/The_Girl_on_the_Train_(2009_film)	http://www.imdb.com/title/tt1183672/	tt1183672	False	http://www.rottentomatoes.com/m/girl_on_the_train/	False	http://www.metacritic.com/movie/the-girl-on-the-train	False	https://www.boxofficemojo.com/title/tt1183672/
Soundtrack for a Revolution	https://en.wikipedia.org/wiki/Soundtrack_for_a_Revolution	http://www.imdb.com/title/tt1358885/	tt1358885	False	http://www.rottentomatoes.com/m/soundtrack_for_a_revolution/?search=soundtrak%20for%20a%20revolution	False	http://www.metacritic.com/movie/soundtrack-for-a-revolution	False	https://www.boxofficemojo.com/title/tt1358885/
To Save a Life	https://en.wikipedia.org/wiki/To_Save_a_Life	http://www.imdb.com/title/tt1270286/	tt1270286	False	http://www.rottentomatoes.com/m/to_save_a_life	False	https://www.metacritic.com/movie/to-save-a-life	False	https://www.boxofficemojo.com/title/tt1270286/
Edge of Darkness	https://en.wikipedia.org/wiki/Edge_of_Darkness_(2010_film)	http://www.imdb.com/title/tt1226273/	tt1226273	False	http://www.rottentomatoes.com/m/edge_of_darkness	False	http://www.metacritic.com/movie/edge-of-darkness	False	https://www.boxofficemojo.com/title/tt1226273/
When in Rome	https://en.wikipedia.org/wiki/When_in_Rome_(2010_film)	http://www.imdb.com/title/tt1185416/	tt1185416	False	http://www.rottentomatoes.com/m/when_in_rome/	False	http://www.metacritic.com/movie/when-in-rome	False	https://www.boxofficemojo.com/title/tt1185416/
North Face	https://en.wikipedia.org/wiki/North_Face_(film)	http://www.imdb.com/title/tt0844457/	tt0844457	False	http://www.rottentomatoes.com/m/north_face/	False	http://www.metacritic.com/movie/north-face	False	https://www.boxofficemojo.com/title/tt0844457/
Saint John of Las Vegas	https://en.wikipedia.org/wiki/Saint_John_of_Las_Vegas	http://www.imdb.com/title/tt1276105/	tt1276105	False	http://www.rottentomatoes.com/m/saint_john_of_las_vegas	False	http://www.metacritic.com/movie/saint-john-of-las-vegas	False	https://www.boxofficemojo.com/title/tt1276105/
Ajami	https://en.wikipedia.org/wiki/Ajami_(film)	http://www.imdb.com/title/tt1077262/	tt1077262	False	http://www.rottentomatoes.com/m/ajami/?search=ajami	False	http://www.metacritic.com/movie/ajami	False	https://www.boxofficemojo.com/title/tt1077262/
Dear John	https://en.wikipedia.org/wiki/Dear_John_(2010_film)	http://www.imdb.com/title/tt0989757/	tt0989757	False	http://www.rottentomatoes.com/m/dear_john	False	http://www.metacritic.com/movie/dear-john	False	https://www.boxofficemojo.com/title/tt0989757/
From Paris With Love	https://en.wikipedia.org/wiki/From_Paris_with_Love_(film)	http://www.imdb.com/title/tt1179034/	tt1179034	False	http://www.rottentomatoes.com/m/from_paris_with_love	False	http://www.metacritic.com/movie/from-paris-with-love	False	https://www.boxofficemojo.com/title/tt1179034/
District 13: Ultimatum	https://en.wikipedia.org/wiki/District_13:_Ultimatum	http://www.imdb.com/title/tt1247640/	tt1247640	False	http://www.rottentomatoes.com/m/district_13_ultimatum/?search=District%2013:%20Ultimatum	False	http://www.metacritic.com/movie/red-sparrow	False	https://www.boxofficemojo.com/title/tt1247640/
Eyes Wide Open	https://en.wikipedia.org/wiki/Eyes_Wide_Open_(2009_film)	http://www.imdb.com/title/tt1424327/	tt1424327	False	http://www.rottentomatoes.com/m/einaym_pkuhot/	False	http://www.metacritic.com/movie/eyes-wide-open	False	https://www.boxofficemojo.com/title/tt1424327/
Frozen	https://en.wikipedia.org/wiki/Frozen_(2010_American_film)	http://www.imdb.com/title/tt1323045/	tt1323045	False	http://www.rottentomatoes.com/m/10012051-frozen	False	http://www.metacritic.com/movie/frozen	False	https://www.boxofficemojo.com/title/tt1323045/
The Shinjuku Incident	https://en.wikipedia.org/wiki/Shinjuku_Incident	http://www.imdb.com/title/tt1075419/	tt1075419	False	http://www.rottentomatoes.com/m/shinjuku_incident	False	https://www.metacritic.com/movie/shinjuku-incident	False	https://www.boxofficemojo.com/title/tt1075419/
Terribly Happy	https://en.wikipedia.org/wiki/Terribly_Happy	http://www.imdb.com/title/tt1087890/	tt1087890	False	http://www.rottentomatoes.com/m/terribly_happy/?search=terribly%20happy	False	http://www.metacritic.com/movie/terribly-happy	False	https://www.boxofficemojo.com/title/tt1087890/
Percy Jackson & the Olympians: The Lightning Thief	https://en.wikipedia.org/wiki/Percy_Jackson_%26_the_Olympians:_The_Lightning_Thief	http://www.imdb.com/title/tt0814255/	tt0814255	False	http://www.rottentomatoes.com/m/0814255	False	http://www.metacritic.com/movie/percy-jackson-the-olympians-the-lightning-thief	False	https://www.boxofficemojo.com/title/tt0814255/
Valentine's Day	https://en.wikipedia.org/wiki/Valentine%27s_Day_(2010_film)	http://www.imdb.com/title/tt0817230/	tt0817230	False	http://www.rottentomatoes.com/m/valentines_day_2010	False	https://www.metacritic.com/movie/valentines-day	False	https://www.boxofficemojo.com/title/tt0817230/
The Wolfman	https://en.wikipedia.org/wiki/The_Wolfman_(2010_film)	http://www.imdb.com/title/tt0780653/	tt0780653	False	http://www.rottentomatoes.com/m/1194949_wolfman	False	http://www.metacritic.com/movie/the-wolfman	False	https://www.boxofficemojo.com/title/tt0780653/
3 Idiots	https://en.wikipedia.org/wiki/3_Idiots	http://www.imdb.com/title/tt1187043/	tt1187043	False	http://www.rottentomatoes.com/m/3_idiots	False	http://www.metacritic.com/movie/3-idiots	False	https://www.boxofficemojo.com/title/tt1187043/
My Name Is Khan	https://en.wikipedia.org/wiki/My_Name_Is_Khan	http://www.imdb.com/title/tt1188996/	tt1188996	False	http://www.rottentomatoes.com/m/my_name_is_khan	False	http://www.metacritic.com/movie/my-name-is-khan	False	https://www.boxofficemojo.com/title/tt1188996/
Videocracy	https://en.wikipedia.org/wiki/Videocracy_(film)	http://www.imdb.com/title/tt1500516/	tt1500516	False	https://www.rottentomatoes.com/m/videocracy	False	http://www.metacritic.com/movie/videocracy	False	https://www.boxofficemojo.com/title/tt1500516/
Celine: Through the Eyes of the World	https://en.wikipedia.org/wiki/Celine:_Through_the_Eyes_of_the_World	http://www.imdb.com/title/tt1570982/	tt1570982	False	https://www.rottentomatoes.com/m/celine_through_the_eyes_of_the_world	False	http://www.metacritic.com/movie/celine-through-the-eyes-of-the-world	False	https://www.boxofficemojo.com/title/tt1570982/
Lourdes	https://en.wikipedia.org/wiki/Lourdes_(film)	http://www.imdb.com/title/tt1405809/	tt1405809	False	https://www.rottentomatoes.com/m/lourdes_2010	False	http://www.metacritic.com/movie/lourdes	False	https://www.boxofficemojo.com/title/tt1405809/
The Ghost Writer	https://en.wikipedia.org/wiki/The_Ghost_Writer_(film)	http://www.imdb.com/title/tt1139328/	tt1139328	False	http://www.rottentomatoes.com/m/10012063-ghost_writer	False	http://www.metacritic.com/movie/ghostwriter	False	https://www.boxofficemojo.com/title/tt1139328/
Shutter Island	https://en.wikipedia.org/wiki/Shutter_Island_(film)	http://www.imdb.com/title/tt1130884/	tt1130884	False	http://www.rottentomatoes.com/m/1198124-shutter_island	False	http://www.metacritic.com/movie/shutter-island	False	https://www.boxofficemojo.com/title/tt1130884/
The Good Guy	https://en.wikipedia.org/wiki/The_Good_Guy_(film)	http://www.imdb.com/title/tt1247662/	tt1247662	False	http://www.rottentomatoes.com/m/good_guy	False	http://www.metacritic.com/movie/the-good-guy	False	https://www.boxofficemojo.com/title/tt1247662/
Happy Tears	https://en.wikipedia.org/wiki/Happy_Tears	http://www.imdb.com/title/tt1219828/	tt1219828	False	https://www.rottentomatoes.com/m/10010940_happy_tears	False	http://www.metacritic.com/movie/happy-tears	False	https://www.boxofficemojo.com/title/tt1219828/
The Red Baron	https://en.wikipedia.org/wiki/The_Red_Baron_(2008_film)	http://www.imdb.com/title/tt0365675/	tt0365675	False	https://www.rottentomatoes.com/m/10010789_red_baron	False	http://www.metacritic.com/movie/the-red-baron	False	https://www.boxofficemojo.com/title/tt0365675/
Cop Out	https://en.wikipedia.org/wiki/Cop_Out_(2010_film)	http://www.imdb.com/title/tt1385867/	tt1385867	False	http://www.rottentomatoes.com/m/cop_out	False	https://www.metacritic.com/movie/cop-out	False	https://www.boxofficemojo.com/title/tt1385867/
The Crazies	https://en.wikipedia.org/wiki/The_Crazies_(2010_film)	http://www.imdb.com/title/tt0455407/	tt0455407	False	http://www.rottentomatoes.com/m/1205380-crazies	False	http://www.metacritic.com/movie/the-crazies	False	https://www.boxofficemojo.com/title/tt0455407/
The Art of the Steal	https://en.wikipedia.org/wiki/The_Art_of_the_Steal_(2009_film)	http://www.imdb.com/title/tt1326733/	tt1326733	False	http://www.rottentomatoes.com/m/art_of_the_steal	False	https://www.metacritic.com/movie/the-art-of-the-steal	False	https://www.boxofficemojo.com/title/tt1326733/
Defendor	https://en.wikipedia.org/wiki/Defendor	http://www.imdb.com/title/tt1303828/	tt1303828	False	http://www.rottentomatoes.com/m/Defendor	False	http://www.metacritic.com/movie/defendor	False	https://www.boxofficemojo.com/title/tt1303828/
Easier with Practice	https://en.wikipedia.org/wiki/Easier_with_Practice	http://www.imdb.com/title/tt1217426/	tt1217426	False	http://www.rottentomatoes.com/m/easier_with_practice	False	https://www.metacritic.com/movie/easier-with-practice	False	https://www.boxofficemojo.com/title/tt1217426/
Formosa Betrayed	https://en.wikipedia.org/wiki/Formosa_Betrayed_(film)	http://www.imdb.com/title/tt1121786/	tt1121786	False	http://www.rottentomatoes.com/m/formosa_betrayed	False	http://www.metacritic.com/movie/formosa-betrayed	False	https://www.boxofficemojo.com/title/tt1121786/
A Prophet	https://en.wikipedia.org/wiki/A_Prophet	http://www.imdb.com/title/tt1235166/	tt1235166	False	http://www.rottentomatoes.com/m/1213205-prophet	False	http://www.metacritic.com/movie/a-prophet	False	https://www.boxofficemojo.com/title/tt1235166/
The Yellow Handkerchief	https://en.wikipedia.org/wiki/The_Yellow_Handkerchief_(2008_film)	http://www.imdb.com/title/tt0954990/	tt0954990	False	http://www.rottentomatoes.com/m/Yellow_Handkerchief	False	http://www.metacritic.com/movie/the-yellow-handkerchief	False	https://www.boxofficemojo.com/title/tt0954990/
Alice in Wonderland	https://en.wikipedia.org/wiki/Alice_in_Wonderland_(2010_film)	http://www.imdb.com/title/tt1014759/	tt1014759	False	http://www.rottentomatoes.com/m/1221547-alice_in_wonderland	False	http://www.metacritic.com/movie/alice-in-wonderland	False	https://www.boxofficemojo.com/title/tt1014759/
Brooklyn's Finest	https://en.wikipedia.org/wiki/Brooklyn%27s_Finest	http://www.imdb.com/title/tt1210042/	tt1210042	False	http://www.rottentomatoes.com/m/brooklyns_finest	False	http://www.metacritic.com/movie/brooklyns-finest	False	https://www.boxofficemojo.com/title/tt1210042/
Green Zone	https://en.wikipedia.org/wiki/Green_Zone_(film)	http://www.imdb.com/title/tt0947810/	tt0947810	False	http://www.rottentomatoes.com/m/1202804-green_zone	False	http://www.metacritic.com/movie/green-zone	False	https://www.boxofficemojo.com/title/tt0947810/
Our Family Wedding	https://en.wikipedia.org/wiki/Our_Family_Wedding	http://www.imdb.com/title/tt1305583/	tt1305583	False	http://www.rottentomatoes.com/m/our_family_wedding	False	http://www.metacritic.com/movie/our-family-wedding	False	https://www.boxofficemojo.com/title/tt1305583/
Remember Me	https://en.wikipedia.org/wiki/Remember_Me_(2010_film)	http://www.imdb.com/title/tt1403981/	tt1403981	False	http://www.rottentomatoes.com/m/1211619_remember_me	False	http://www.metacritic.com/movie/remember-me	False	https://www.boxofficemojo.com/title/tt1403981/
She's Out of My League	https://en.wikipedia.org/wiki/She%27s_Out_of_My_League	http://www.imdb.com/title/tt0815236/	tt0815236	False	http://www.rottentomatoes.com/m/shes_out_of_my_league	False	http://www.metacritic.com/movie/shes-out-of-my-league	False	https://www.boxofficemojo.com/title/tt0815236/
Children of Invention	https://en.wikipedia.org/wiki/Children_of_Invention	http://www.imdb.com/title/tt1322282/	tt1322282	False	http://www.rottentomatoes.com/m/children_of_invention	False	https://www.metacritic.com/movie/children-of-invention	False	https://www.boxofficemojo.com/title/tt1322282/
Stolen	https://en.wikipedia.org/wiki/Stolen_(2009_drama_film)	http://www.imdb.com/title/tt1139282/	tt1139282	False	http://www.rottentomatoes.com/m/10012207-stolen	False	http://www.metacritic.com/movie/stolen	False	https://www.boxofficemojo.com/title/tt1139282/
The Bounty Hunter	https://en.wikipedia.org/wiki/The_Bounty_Hunter_(2010_film)	http://www.imdb.com/title/tt1038919/	tt1038919	False	http://www.rottentomatoes.com/m/1220551_bounty_hunter	False	http://www.metacritic.com/movie/the-bounty-hunter	False	https://www.boxofficemojo.com/title/tt1038919/
Diary of a Wimpy Kid	https://en.wikipedia.org/wiki/Diary_of_a_Wimpy_Kid_(film)	http://www.imdb.com/title/tt1196141/	tt1196141	False	http://www.rottentomatoes.com/m/diary_of_a_wimpy_kid	False	http://www.metacritic.com/movie/diary-of-a-wimpy-kid	False	https://www.boxofficemojo.com/title/tt1196141/
Repo Men	https://en.wikipedia.org/wiki/Repo_Men	http://www.imdb.com/title/tt1053424/	tt1053424	False	http://www.rottentomatoes.com/m/10012068-repo_men	False	http://www.metacritic.com/movie/repo-men	False	https://www.boxofficemojo.com/title/tt1053424/
City Island	https://en.wikipedia.org/wiki/City_Island_(film)	http://www.imdb.com/title/tt1174730/	tt1174730	False	http://www.rottentomatoes.com/m/city_island	False	http://www.metacritic.com/movie/city-island	False	https://www.boxofficemojo.com/title/tt1174730/
Greenberg	https://en.wikipedia.org/wiki/Greenberg_(film)	http://www.imdb.com/title/tt1234654/	tt1234654	False	http://www.rottentomatoes.com/m/greenberg	False	http://www.metacritic.com/movie/greenberg	False	https://www.boxofficemojo.com/title/tt1234654/
Hubble 3D	https://en.wikipedia.org/wiki/Hubble_(film)	http://www.imdb.com/title/tt1433813/	tt1433813	False	http://www.rottentomatoes.com/m/imax_hubble_3d	False	https://www.metacritic.com/movie/imax-hubble-3d	False	https://www.boxofficemojo.com/title/tt1433813/
Kimjongilia	https://en.wikipedia.org/wiki/Kimjongilia_(film)	http://www.imdb.com/title/tt1180311/	tt1180311	False	https://www.rottentomatoes.com/m/kimjongilia	False	http://www.metacritic.com/movie/kimjongilia	False	https://www.boxofficemojo.com/title/tt1180311/
The Killing Jar	https://en.wikipedia.org/wiki/The_Killing_Jar_(film)	http://www.imdb.com/title/tt1270296/	tt1270296	False	http://www.rottentomatoes.com/m/10012232-killing_jar	False	http://www.metacritic.com/movie/the-killing-jar	False	https://www.boxofficemojo.com/title/tt1270296/
The Runaways	https://en.wikipedia.org/wiki/The_Runaways_(2010_film)	http://www.imdb.com/title/tt1017451/	tt1017451	False	http://www.rottentomatoes.com/m/the_runaways	False	http://www.metacritic.com/movie/the-runaways	False	https://www.boxofficemojo.com/title/tt1017451/
Hot Tub Time Machine	https://en.wikipedia.org/wiki/Hot_Tub_Time_Machine	http://www.imdb.com/title/tt1231587/	tt1231587	False	http://www.rottentomatoes.com/m/hot_tub_time_machine/	False	http://www.metacritic.com/movie/hot-tub-time-machine	False	https://www.boxofficemojo.com/title/tt1231587/
How to Train Your Dragon	https://en.wikipedia.org/wiki/How_to_Train_Your_Dragon_(film)	http://www.imdb.com/title/tt0892769/	tt0892769	False	http://www.rottentomatoes.com/m/1194522-how_to_train_your_dragon	False	http://www.metacritic.com/movie/how-to-train-your-dragon	False	https://www.boxofficemojo.com/title/tt0892769/
Chloe	https://en.wikipedia.org/wiki/Chloe_(film)	http://www.imdb.com/title/tt1352824/	tt1352824	False	http://www.rottentomatoes.com/m/10011774-chloe	False	http://www.metacritic.com/movie/chloe	False	https://www.boxofficemojo.com/title/tt1352824/
Waking Sleeping Beauty	https://en.wikipedia.org/wiki/Waking_Sleeping_Beauty	http://www.imdb.com/title/tt1159961/	tt1159961	False	http://www.rottentomatoes.com/m/waking_sleeping_beauty	False	http://www.metacritic.com/movie/waking-sleeping-beauty	False	https://www.boxofficemojo.com/title/tt1159961/
The Last Song	https://en.wikipedia.org/wiki/The_Last_Song_(2010_film)	http://www.imdb.com/title/tt1294226/	tt1294226	False	http://www.rottentomatoes.com/m/10011984-last_song	False	http://www.metacritic.com/movie/the-last-song	False	https://www.boxofficemojo.com/title/tt1294226/
Clash of the Titans	https://en.wikipedia.org/wiki/Clash_of_the_Titans_(2010_film)	http://www.imdb.com/title/tt0800320/	tt0800320	False	http://www.rottentomatoes.com/m/clash_of_the_titans_2010	False	http://www.metacritic.com/movie/clash-of-the-titans	False	https://www.boxofficemojo.com/title/tt0800320/
Why Did I Get Married Too?	https://en.wikipedia.org/wiki/Why_Did_I_Get_Married_Too%3F	http://www.imdb.com/title/tt1391137/	tt1391137	False	http://www.rottentomatoes.com/m/why_did_i_get_married_too	False	http://www.metacritic.com/movie/why-did-i-get-married-too	False	https://www.boxofficemojo.com/title/tt1391137/
Don McKay	https://en.wikipedia.org/wiki/Don_McKay_(film)	http://www.imdb.com/title/tt1281374/	tt1281374	False	http://www.rottentomatoes.com/m/don_mckay	False	http://www.metacritic.com/movie/don-mckay	False	https://www.boxofficemojo.com/title/tt1281374/
The Greatest	https://en.wikipedia.org/wiki/The_Greatest_(2009_film)	http://www.imdb.com/title/tt1226232/	tt1226232	False	http://www.rottentomatoes.com/m/1202111-greatest/	False	http://www.metacritic.com/movie/the-greatest	False	https://www.boxofficemojo.com/title/tt1226232/
Date Night	https://en.wikipedia.org/wiki/Date_Night	http://www.imdb.com/title/tt1279935/	tt1279935	False	http://www.rottentomatoes.com/m/date_night	False	http://www.metacritic.com/movie/date-night	False	https://www.boxofficemojo.com/title/tt1279935/
Letters to God	https://en.wikipedia.org/wiki/Letters_to_God	http://www.imdb.com/title/tt1462054/	tt1462054	False	http://www.rottentomatoes.com/m/letters_to_god	False	https://www.metacritic.com/movie/letters-to-god	False	https://www.boxofficemojo.com/title/tt1462054/
After.Life	https://en.wikipedia.org/wiki/After.Life	http://www.imdb.com/title/tt0838247/	tt0838247	False	https://www.rottentomatoes.com/m/after_life_2010	False	http://www.metacritic.com/movie/afterlife	False	https://www.boxofficemojo.com/title/tt0838247/
The Black Waters of Echo's Pond	https://en.wikipedia.org/wiki/The_Black_Waters_of_Echo%27s_Pond	http://www.imdb.com/title/tt0960066/	tt0960066	False	http://www.rottentomatoes.com/m/black_waters_of_echos_pond	False	http://www.metacritic.com/movie/the-black-waters-of-echos-pond/details	False	https://www.boxofficemojo.com/title/tt0960066/
La Mission	https://en.wikipedia.org/wiki/La_Mission_(film)	http://www.imdb.com/title/tt1200272/	tt1200272	False	http://www.rottentomatoes.com/m/10012254_la_mission	False	http://www.metacritic.com/movie/la-mission	False	https://www.boxofficemojo.com/title/tt1200272/
When You're Strange	https://en.wikipedia.org/wiki/When_You%27re_Strange	http://www.imdb.com/title/tt1333667/	tt1333667	False	https://www.rottentomatoes.com/m/when_youre_strange	False	http://www.metacritic.com/movie/when-youre-strange	False	https://www.boxofficemojo.com/title/tt1333667/
Death at a Funeral	https://en.wikipedia.org/wiki/Death_at_a_Funeral_(2010_film)	http://www.imdb.com/title/tt1321509/	tt1321509	False	http://www.rottentomatoes.com/m/death_at_a_funeral_2010	False	http://www.metacritic.com/movie/death-at-a-funeral	False	https://www.boxofficemojo.com/title/tt1321509/
Kick-Ass	https://en.wikipedia.org/wiki/Kick-Ass_(film)	http://www.imdb.com/title/tt1250777/	tt1250777	False	http://www.rottentomatoes.com/m/1217700-kick_ass	False	http://www.metacritic.com/movie/kick-ass	False	https://www.boxofficemojo.com/title/tt1250777/
The City of Your Final Destination	https://en.wikipedia.org/wiki/The_City_of_Your_Final_Destination	http://www.imdb.com/title/tt0896923/	tt0896923	False	http://www.rottentomatoes.com/m/city_of_your_final_destination	False	http://www.metacritic.com/movie/the-city-of-your-final-destination	False	https://www.boxofficemojo.com/title/tt0896923/
Exit Through the Gift Shop	https://en.wikipedia.org/wiki/Exit_Through_the_Gift_Shop	http://www.imdb.com/title/tt1587707/	tt1587707	False	http://www.rottentomatoes.com/m/exit_through_the_gift_shop	False	http://www.metacritic.com/movie/exit-through-the-gift-shop	False	https://www.boxofficemojo.com/title/tt1587707/
The Joneses	https://en.wikipedia.org/wiki/The_Joneses	http://www.imdb.com/title/tt1285309/	tt1285309	False	http://www.rottentomatoes.com/m/joneses	False	http://www.metacritic.com/movie/the-joneses	False	https://www.boxofficemojo.com/title/tt1285309/
The Perfect Game	https://en.wikipedia.org/wiki/The_Perfect_Game	http://www.imdb.com/title/tt0473102/	tt0473102	False	http://www.rottentomatoes.com/m/1197992-perfect_game	False	http://www.metacritic.com/movie/the-perfect-game	False	https://www.boxofficemojo.com/title/tt0473102/
Oceans	https://en.wikipedia.org/wiki/Oceans_(film)	http://www.imdb.com/title/tt0765128/	tt0765128	False	http://www.rottentomatoes.com/m/10011268-oceans/	False	http://www.metacritic.com/movie/oceans	False	https://www.boxofficemojo.com/title/tt0765128/
The Back-up Plan	https://en.wikipedia.org/wiki/The_Back-up_Plan	http://www.imdb.com/title/tt1212436/	tt1212436	False	http://www.rottentomatoes.com/m/back_up_plan	False	https://www.metacritic.com/movie/the-back-up-plan	False	https://www.boxofficemojo.com/title/tt1212436/
The Losers	https://en.wikipedia.org/wiki/The_Losers_(film)	http://www.imdb.com/title/tt0480255/	tt0480255	False	http://www.rottentomatoes.com/m/1226860-losers	False	http://www.metacritic.com/movie/the-losers	False	https://www.boxofficemojo.com/title/tt0480255/
Behind the Burly Q	https://en.wikipedia.org/wiki/Behind_the_Burly_Q	http://www.imdb.com/title/tt1510907/	tt1510907	False	http://www.rottentomatoes.com/m/behind_the_burly_q	False	http://www.metacritic.com/movie/behind-the-burly-q	False	https://www.boxofficemojo.com/title/tt1510907/
Boogie Woogie	https://en.wikipedia.org/wiki/Boogie_Woogie_(film)	http://www.imdb.com/title/tt1134664/	tt1134664	False	http://www.rottentomatoes.com/m/boogie_woogie	False	http://www.metacritic.com/movie/boogie-woogie	False	https://www.boxofficemojo.com/title/tt1134664/
Breath Made Visible: Anna Halprin	https://en.wikipedia.org/wiki/Breath_Made_Visible	http://www.imdb.com/title/tt1351105/	tt1351105	False	https://www.rottentomatoes.com/m/breath_made_visible_anna_halprin	False	http://www.metacritic.com/movie/breath-made-visible-anna-halprin	False	https://www.boxofficemojo.com/title/tt1351105/
Paper Man	https://en.wikipedia.org/wiki/Paper_Man_(2009_film)	http://www.imdb.com/title/tt0437405/	tt0437405	False	http://www.rottentomatoes.com/m/1205681-paper_man	False	http://www.metacritic.com/movie/paper-man	False	https://www.boxofficemojo.com/title/tt0437405/
The Human Centipede (First Sequence)	https://en.wikipedia.org/wiki/The_Human_Centipede_(First_Sequence)	http://www.imdb.com/title/tt1467304/	tt1467304	False	http://www.rottentomatoes.com/m/human_centipede	False	https://www.metacritic.com/movie/the-human-centipede-first-sequence	False	https://www.boxofficemojo.com/title/tt1467304/
Furry Vengeance	https://en.wikipedia.org/wiki/Furry_Vengeance	http://www.imdb.com/title/tt0492389/	tt0492389	False	http://www.rottentomatoes.com/m/1212891-furry_vengeance	False	http://www.metacritic.com/movie/furry-vengeance	False	https://www.boxofficemojo.com/title/tt0492389/
A Nightmare on Elm Street	https://en.wikipedia.org/wiki/A_Nightmare_on_Elm_Street_(2010_film)	http://www.imdb.com/title/tt1179056/	tt1179056	False	http://www.rottentomatoes.com/m/nightmare_on_elm_street_2010	False	http://www.metacritic.com/movie/a-nightmare-on-elm-street/	False	https://www.boxofficemojo.com/title/tt1179056/
The Good Heart	https://en.wikipedia.org/wiki/The_Good_Heart	http://www.imdb.com/title/tt0808285/	tt0808285	False	http://www.rottentomatoes.com/m/10011944-good_heart	False	https://www.metacritic.com/movie/the-good-heart	False	https://www.boxofficemojo.com/title/tt0808285/
Harry Brown	https://en.wikipedia.org/wiki/Harry_Brown_(film)	http://www.imdb.com/title/tt1289406/	tt1289406	False	http://www.rottentomatoes.com/m/harry_brown	False	http://www.metacritic.com/movie/harry-brown	False	https://www.boxofficemojo.com/title/tt1289406/
Please Give	https://en.wikipedia.org/wiki/Please_Give	http://www.imdb.com/title/tt0878835/	tt0878835	False	http://www.rottentomatoes.com/m/0878835/	False	http://www.metacritic.com/movie/please-give	False	https://www.boxofficemojo.com/title/tt0878835/
The Infidel	https://en.wikipedia.org/wiki/The_Infidel_(2010_film)	http://www.imdb.com/title/tt1424003/	tt1424003	False	http://www.rottentomatoes.com/m/the_infidel	False	http://www.metacritic.com/movie/the-infidel	False	https://www.boxofficemojo.com/title/tt1424003/
Sex & Drugs & Rock & Roll	https://en.wikipedia.org/wiki/Sex_%26_Drugs_%26_Rock_%26_Roll_(film)	http://www.imdb.com/title/tt1393020/	tt1393020	False	http://www.rottentomatoes.com/m/sex-drugs-rock-roll-2009	False	http://www.metacritic.com/movie/sex-drugs-rock-roll	False	https://www.boxofficemojo.com/title/tt1393020/
The Trotsky	https://en.wikipedia.org/wiki/The_Trotsky	http://www.imdb.com/title/tt1295072/	tt1295072	False	http://www.rottentomatoes.com/m/the_trotsky	False	http://www.metacritic.com/movie/the-trotsky	False	https://www.boxofficemojo.com/title/tt1295072/
Iron Man 2	https://en.wikipedia.org/wiki/Iron_Man_2	http://www.imdb.com/title/tt1228705/	tt1228705	False	http://www.rottentomatoes.com/m/iron_man_2/	False	http://www.metacritic.com/movie/iron-man-2	False	https://www.boxofficemojo.com/title/tt1228705/
Babies	https://en.wikipedia.org/wiki/Babies_(film)	http://www.imdb.com/title/tt1020938/	tt1020938	False	http://www.rottentomatoes.com/m/10012014-babies/	False	http://www.metacritic.com/movie/babies	False	https://www.boxofficemojo.com/title/tt1020938/
Casino Jack and the United States of Money	https://en.wikipedia.org/wiki/Casino_Jack_and_the_United_States_of_Money	http://www.imdb.com/title/tt1540814/	tt1540814	False	http://www.rottentomatoes.com/m/casino_jack_and_the_united_state_of_money	False	http://www.metacritic.com/movie/casino-jack-and-the-united-states-of-money	False	https://www.boxofficemojo.com/title/tt1540814/
The Lightkeepers	https://en.wikipedia.org/wiki/The_Lightkeepers	http://www.imdb.com/title/tt1156067/	tt1156067	False	https://www.rottentomatoes.com/m/the_lightkeepers	False	http://www.metacritic.com/movie/the-lightkeepers	False	https://www.boxofficemojo.com/title/tt1156067/
Multiple Sarcasms	https://en.wikipedia.org/wiki/Multiple_Sarcasms	http://www.imdb.com/title/tt0984210/	tt0984210	False	http://www.rottentomatoes.com/m/multiple_sarcasms/	False	http://www.metacritic.com/movie/multiple-sarcasms	False	https://www.boxofficemojo.com/title/tt0984210/
Mother and Child	https://en.wikipedia.org/wiki/Mother_and_Child_(2009_film)	http://www.imdb.com/title/tt1121977/	tt1121977	False	http://www.rottentomatoes.com/m/mother_and_child	False	https://www.metacritic.com/movie/mother-and-child	False	https://www.boxofficemojo.com/title/tt1121977/
OSS 117: Lost in Rio	https://en.wikipedia.org/wiki/OSS_117:_Lost_in_Rio	http://www.imdb.com/title/tt1167660/	tt1167660	False	http://www.rottentomatoes.com/m/oss_117_lost_in_rio	False	http://www.metacritic.com/movie/oss-117---lost-in-rio	False	https://www.boxofficemojo.com/title/tt1167660/
The Oath	https://en.wikipedia.org/wiki/The_Oath_(2010_film)	http://www.imdb.com/title/tt1522857/	tt1522857	False	https://www.rottentomatoes.com/m/the_oath	False	http://www.metacritic.com/movie/the-oath	False	https://www.boxofficemojo.com/title/tt1522857/
Trash Humpers	https://en.wikipedia.org/wiki/Trash_Humpers	http://www.imdb.com/title/tt1488163/	tt1488163	False	http://www.rottentomatoes.com/m/trash_humpers	False	http://www.metacritic.com/movie/trash-humpers	False	https://www.boxofficemojo.com/title/tt1488163/
Metropia	https://en.wikipedia.org/wiki/Metropia_(film)	http://www.imdb.com/title/tt0985058/	tt0985058	False	https://www.rottentomatoes.com/m/metropia	False	http://www.metacritic.com/movie/metropia	False	https://www.boxofficemojo.com/title/tt0985058/
Just Wright	https://en.wikipedia.org/wiki/Just_Wright	http://www.imdb.com/title/tt1407061/	tt1407061	False	http://www.rottentomatoes.com/m/just_wright	False	http://www.metacritic.com/movie/just-wright	False	https://www.boxofficemojo.com/title/tt1407061/
Letters to Juliet	https://en.wikipedia.org/wiki/Letters_to_Juliet	http://www.imdb.com/title/tt0892318/	tt0892318	False	http://www.rottentomatoes.com/m/letters_to_juliet	False	http://www.metacritic.com/movie/letters-to-juliet	False	https://www.boxofficemojo.com/title/tt0892318/
Robin Hood	https://en.wikipedia.org/wiki/Robin_Hood_(2010_film)	http://www.imdb.com/title/tt0955308/	tt0955308	False	http://www.rottentomatoes.com/m/robin_hood_2010	False	http://www.metacritic.com/movie/robin-hood	False	https://www.boxofficemojo.com/title/tt0955308/
Daddy Longlegs	https://en.wikipedia.org/wiki/Daddy_Longlegs_(2009_film)	http://www.imdb.com/title/tt1426362/	tt1426362	False	http://www.rottentomatoes.com/m/10012114_daddy_longlegs	False	http://www.metacritic.com/movie/daddy-longlegs	False	https://www.boxofficemojo.com/title/tt1426362/
Here and There	https://en.wikipedia.org/wiki/Here_and_There_(film)	http://www.imdb.com/title/tt1118045/	tt1118045	False	http://www.rottentomatoes.com/m/here_and_there	False	https://www.metacritic.com/movie/here-and-there	False	https://www.boxofficemojo.com/title/tt1118045/
Looking for Eric	https://en.wikipedia.org/wiki/Looking_for_Eric	http://www.imdb.com/title/tt1242545/	tt1242545	False	http://www.rottentomatoes.com/m/looking_for_eric/	False	http://www.metacritic.com/movie/looking-for-eric	False	https://www.boxofficemojo.com/title/tt1242545/
Princess Kaiulani	https://en.wikipedia.org/wiki/Princess_Kaiulani_(film)	http://www.imdb.com/title/tt1185344/	tt1185344	False	http://www.rottentomatoes.com/m/princess-kaiulani	False	http://www.metacritic.com/movie/princess-kaiulani	False	https://www.boxofficemojo.com/title/tt1185344/
Touching Home	https://en.wikipedia.org/wiki/Touching_Home	http://www.imdb.com/title/tt0860870/	tt0860870	False	http://www.rottentomatoes.com/m/touching_home	False	http://www.metacritic.com/movie/touching-home	False	https://www.boxofficemojo.com/title/tt0860870/
MacGruber	https://en.wikipedia.org/wiki/MacGruber_(film)	http://www.imdb.com/title/tt1470023/	tt1470023	False	http://www.rottentomatoes.com/m/macGruber	False	http://www.metacritic.com/movie/macgruber	False	https://www.boxofficemojo.com/title/tt1470023/
Shrek Forever After	https://en.wikipedia.org/wiki/Shrek_Forever_After	http://www.imdb.com/title/tt0892791/	tt0892791	False	http://www.rottentomatoes.com/m/shrek_forever_after	False	http://www.metacritic.com/movie/shrek-forever-after	False	https://www.boxofficemojo.com/title/tt0892791/
Holy Roller	https://en.wikipedia.org/wiki/Holy_Rollers_(film)	http://www.imdb.com/title/tt1143896/	tt1143896	False	http://www.rottentomatoes.com/m/holy_rollers	False	http://www.metacritic.com/movie/holy-rollers	False	https://www.boxofficemojo.com/title/tt1143896/
John Rabe	https://en.wikipedia.org/wiki/John_Rabe_(film)	http://www.imdb.com/title/tt1124377/	tt1124377	False	http://www.rottentomatoes.com/m/john_rabe_2008/	False	http://www.metacritic.com/movie/john-rabe	False	https://www.boxofficemojo.com/title/tt1124377/
Kites: The Remix	https://en.wikipedia.org/wiki/Kites:_The_Remix	http://www.imdb.com/title/tt1198101/	tt1198101	False	http://www.rottentomatoes.com/m/kites	False	https://www.metacritic.com/movie/kites	False	https://www.boxofficemojo.com/title/tt1198101/
Perrier's Bounty	https://en.wikipedia.org/wiki/Perrier%27s_Bounty	http://www.imdb.com/title/tt1003034/	tt1003034	False	http://www.rottentomatoes.com/m/perriers_bounty	False	http://www.metacritic.com/movie/perriers-bounty	False	https://www.boxofficemojo.com/title/tt1003034/
Racing Dreams	https://en.wikipedia.org/wiki/Racing_Dreams	http://www.imdb.com/title/tt1152840/	tt1152840	False	http://www.rottentomatoes.com/m/racing_dream	False	https://www.metacritic.com/movie/racing-dreams	False	https://www.boxofficemojo.com/title/tt1152840/
Solitary Man	https://en.wikipedia.org/wiki/Solitary_Man_(film)	http://www.imdb.com/title/tt1294213/	tt1294213	False	http://www.rottentomatoes.com/m/solitary_man	False	http://www.metacritic.com/movie/solitary-man	False	https://www.boxofficemojo.com/title/tt1294213/
Sex and the City 2	https://en.wikipedia.org/wiki/Sex_and_the_City_2	http://www.imdb.com/title/tt1261945/	tt1261945	False	http://www.rottentomatoes.com/m/sex_and_the_city_2	False	http://www.metacritic.com/movie/sex-and-the-city-2	False	https://www.boxofficemojo.com/title/tt1261945/
Prince of Persia: The Sands of Time	https://en.wikipedia.org/wiki/Prince_of_Persia:_The_Sands_of_Time_(film)	http://www.imdb.com/title/tt0473075/	tt0473075	False	http://www.rottentomatoes.com/m/prince_of_persia_sands_of_time	False	http://www.metacritic.com/movie/prince-of-persia-the-sands-of-time	False	https://www.boxofficemojo.com/title/tt0473075/
Agora	https://en.wikipedia.org/wiki/Agora_(film)	http://www.imdb.com/title/tt1186830/	tt1186830	False	http://www.rottentomatoes.com/m/agora/	False	http://www.metacritic.com/movie/agora	False	https://www.boxofficemojo.com/title/tt1186830/
Father of My Children	https://en.wikipedia.org/wiki/Father_of_My_Children	http://www.imdb.com/title/tt1356928/	tt1356928	False	http://www.rottentomatoes.com/m/father_of_my_children	False	http://www.metacritic.com/movie/father-of-my-children	False	https://www.boxofficemojo.com/title/tt1356928/
Micmacs	https://en.wikipedia.org/wiki/Micmacs_(film)	http://www.imdb.com/title/tt1149361/	tt1149361	False	http://www.rottentomatoes.com/m/micmacs	False	http://www.metacritic.com/movie/micmacs	False	https://www.boxofficemojo.com/title/tt1149361/
Survival of the Dead	https://en.wikipedia.org/wiki/Survival_of_the_Dead	http://www.imdb.com/title/tt1134854/	tt1134854	False	http://www.rottentomatoes.com/m/survival_of_the_dead	False	http://www.metacritic.com/movie/survival-of-the-dead	False	https://www.boxofficemojo.com/title/tt1134854/
Get Him to the Greek	https://en.wikipedia.org/wiki/Get_Him_to_the_Greek	http://www.imdb.com/title/tt1226229/	tt1226229	False	http://www.rottentomatoes.com/m/1212410-get_him_to_the_greek	False	http://www.metacritic.com/movie/get-him-to-the-greek	False	https://www.boxofficemojo.com/title/tt1226229/
Killers	https://en.wikipedia.org/wiki/Killers_(2010_film)	http://www.imdb.com/title/tt1103153/	tt1103153	False	http://www.rottentomatoes.com/m/killers_2010	False	http://www.metacritic.com/movie/killers	False	https://www.boxofficemojo.com/title/tt1103153/
Marmaduke	https://en.wikipedia.org/wiki/Marmaduke_(film)	http://www.imdb.com/title/tt1392197/	tt1392197	False	http://www.rottentomatoes.com/m/marmaduke	False	http://www.metacritic.com/movie/marmaduke	False	https://www.boxofficemojo.com/title/tt1392197/
Splice	https://en.wikipedia.org/wiki/Splice_(film)	http://www.imdb.com/title/tt1017460/	tt1017460	False	http://www.rottentomatoes.com/m/1208173_splice	False	http://www.metacritic.com/movie/splice	False	https://www.boxofficemojo.com/title/tt1017460/
Finding Bliss	https://en.wikipedia.org/wiki/Finding_Bliss	http://www.imdb.com/title/tt1185242/	tt1185242	False	http://www.rottentomatoes.com/m/finding_bliss	False	http://www.metacritic.com/movie/finding-bliss/	False	https://www.boxofficemojo.com/title/tt1185242/
Gone with the Pope	https://en.wikipedia.org/wiki/Gone_with_the_Pope	http://www.imdb.com/title/tt1617250/	tt1617250	False	https://www.rottentomatoes.com/m/gone_with_the_pope	False	http://www.metacritic.com/movie/gone-with-the-pope	False	https://www.boxofficemojo.com/title/tt1617250/
Living in Emergency	https://en.wikipedia.org/wiki/Living_in_Emergency	http://www.imdb.com/title/tt1294182/	tt1294182	False	http://www.rottentomatoes.com/m/living_in_emergency_stories_of_doctors_without_borders/	False	http://www.metacritic.com/movie/living-in-emergency-stories-of-doctors-without-borders	False	https://www.boxofficemojo.com/title/tt1294182/
Ondine	https://en.wikipedia.org/wiki/Ondine_(film)	http://www.imdb.com/title/tt1235796/	tt1235796	False	http://www.rottentomatoes.com/m/ondine	False	http://www.metacritic.com/movie/ondine	False	https://www.boxofficemojo.com/title/tt1235796/
Raajneeti	https://en.wikipedia.org/wiki/Raajneeti	http://www.imdb.com/title/tt1291465/	tt1291465	False	http://www.rottentomatoes.com/m/rajneeti	False	http://www.metacritic.com/movie/raajneeti	False	https://www.boxofficemojo.com/title/tt1291465/
Rosencrantz and Guildenstern Are Undead	https://en.wikipedia.org/wiki/Rosencrantz_and_Guildenstern_Are_Undead	http://www.imdb.com/title/tt1122775/	tt1122775	False	https://www.rottentomatoes.com/m/rosencrantz_and_guildenstern_are_undead	False	http://www.metacritic.com/movie/rosencrantz-and-guildenstern-are-undead	False	https://www.boxofficemojo.com/title/tt1122775/
Dinosaur Train	https://en.wikipedia.org/wiki/Dinosaur_Train	http://www.imdb.com/title/tt1460205/	tt1460205	False	https://www.rottentomatoes.com/tv/dinosaur_train	False	https://www.metacritic.com/tv/dinosaur-train	False	https://www.boxofficemojo.com/title/tt1460205/
The A-Team	https://en.wikipedia.org/wiki/The_A-Team_(film)	http://www.imdb.com/title/tt0429493/	tt0429493	False	http://www.rottentomatoes.com/m/a_team	False	http://www.metacritic.com/movie/the-a-team	False	https://www.boxofficemojo.com/title/tt0429493/
The Karate Kid	https://en.wikipedia.org/wiki/The_Karate_Kid_(2010_film)	http://www.imdb.com/title/tt1155076/	tt1155076	False	http://www.rottentomatoes.com/m/karate_kid_2010	False	http://www.metacritic.com/movie/karatekid	False	https://www.boxofficemojo.com/title/tt1155076/
12th & Delaware	https://en.wikipedia.org/wiki/12th_%26_Delaware	http://www.imdb.com/title/tt1548865/	tt1548865	False	https://www.rottentomatoes.com/m/12th_and_delaware	False	http://www.metacritic.com/movie/12th-delaware	False	https://www.boxofficemojo.com/title/tt1548865/
Coco Chanel & Igor Stravinsky	https://en.wikipedia.org/wiki/Coco_Chanel_%26_Igor_Stravinsky	http://www.imdb.com/title/tt1023441/	tt1023441	False	https://www.rottentomatoes.com/m/coco_chanel_and_igor_stravinsky	False	http://www.metacritic.com/movie/coco-chanel-igor-stravinsky	False	https://www.boxofficemojo.com/title/tt1023441/
Joan Rivers: A Piece of Work	https://en.wikipedia.org/wiki/Joan_Rivers:_A_Piece_of_Work	http://www.imdb.com/title/tt1568150/	tt1568150	False	http://www.rottentomatoes.com/m/joan-rivers-a-piece-of-work	False	http://www.metacritic.com/movie/joan-rivers-a-piece-of-work	False	https://www.boxofficemojo.com/title/tt1568150/
The Lottery	https://en.wikipedia.org/wiki/The_Lottery_(2010_film)	http://www.imdb.com/title/tt1515935/	tt1515935	False	https://www.rottentomatoes.com/m/10012426_lottery	False	http://www.metacritic.com/movie/the-lottery	False	https://www.boxofficemojo.com/title/tt1515935/
Winter's Bone	https://en.wikipedia.org/wiki/Winter%27s_Bone	http://www.imdb.com/title/tt1399683/	tt1399683	False	http://www.rottentomatoes.com/m/10012136-winters_bone	False	http://www.metacritic.com/movie/winters-bone	False	https://www.boxofficemojo.com/title/tt1399683/
Jonah Hex	https://en.wikipedia.org/wiki/Jonah_Hex_(film)	http://www.imdb.com/title/tt1075747/	tt1075747	False	http://www.rottentomatoes.com/m/jonah_hex	False	http://www.metacritic.com/movie/jonah-hex	False	https://www.boxofficemojo.com/title/tt1075747/
Toy Story 3	https://en.wikipedia.org/wiki/Toy_Story_3	http://www.imdb.com/title/tt0435761/	tt0435761	False	http://www.rottentomatoes.com/m/toy_story_3	False	http://www.metacritic.com/movie/toy-story-3	False	https://www.boxofficemojo.com/title/tt0435761/
45365	https://en.wikipedia.org/wiki/45365	http://www.imdb.com/title/tt1337139/	tt1337139	False	https://www.rottentomatoes.com/m/45365	False	http://www.metacritic.com/movie/45365	False	https://www.boxofficemojo.com/title/tt1337139/
8: The Mormon Proposition	https://en.wikipedia.org/wiki/8:_The_Mormon_Proposition	http://www.imdb.com/title/tt1484522/	tt1484522	False	http://www.rottentomatoes.com/m/8_the_mormon_proposition	False	http://www.metacritic.com/movie/8-the-mormon-proposition	False	https://www.boxofficemojo.com/title/tt1484522/
Cyrus	https://en.wikipedia.org/wiki/Cyrus_(2010_comedy-drama_film)	http://www.imdb.com/title/tt1336617/	tt1336617	False	http://www.rottentomatoes.com/m/cyrus	False	http://www.metacritic.com/movie/cyrus	False	https://www.boxofficemojo.com/title/tt1336617/
I Am Love	https://en.wikipedia.org/wiki/I_Am_Love_(film)	http://www.imdb.com/title/tt1226236/	tt1226236	False	http://www.rottentomatoes.com/m/i_am_love	False	http://www.metacritic.com/movie/i-am-love	False	https://www.boxofficemojo.com/title/tt1226236/
The Killer Inside Me	https://en.wikipedia.org/wiki/The_Killer_Inside_Me_(2010_film)	http://www.imdb.com/title/tt0954947/	tt0954947	False	http://www.rottentomatoes.com/m/the_killer_inside_me	False	https://www.metacritic.com/movie/the-killer-inside-me	False	https://www.boxofficemojo.com/title/tt0954947/
Stonewall Uprising	https://en.wikipedia.org/wiki/Stonewall_Uprising	http://www.imdb.com/title/tt1562450/	tt1562450	False	https://www.rottentomatoes.com/m/stonewall_uprising	False	http://www.metacritic.com/movie/stonewall-uprising	False	https://www.boxofficemojo.com/title/tt1562450/
Knight and Day	https://en.wikipedia.org/wiki/Knight_and_Day	http://www.imdb.com/title/tt1013743/	tt1013743	False	http://www.rottentomatoes.com/m/knight_and_day	False	http://www.metacritic.com/movie/knight-and-day	False	https://www.boxofficemojo.com/title/tt1013743/
Grown Ups	https://en.wikipedia.org/wiki/Grown_Ups_(film)	http://www.imdb.com/title/tt1375670/	tt1375670	False	http://www.rottentomatoes.com/m/grown_ups	False	http://www.metacritic.com/movie/grown-ups	False	https://www.boxofficemojo.com/title/tt1375670/
Dogtooth	https://en.wikipedia.org/wiki/Dogtooth_(film)	http://www.imdb.com/title/tt1379182/	tt1379182	False	http://www.rottentomatoes.com/m/dogtooth	False	http://www.metacritic.com/movie/dogtooth	False	https://www.boxofficemojo.com/title/tt1379182/
I Was Born, But...	https://en.wikipedia.org/wiki/I_Was_Born,_But...	http://www.imdb.com/title/tt0023634/	tt0023634	False	http://www.rottentomatoes.com/m/i_was_born_but	False	http://www.metacritic.com/movie/children-of-tokyo/critic-reviews	False	https://www.boxofficemojo.com/title/tt0023634/
Restrepo	https://en.wikipedia.org/wiki/Restrepo_(film)	http://www.imdb.com/title/tt1559549/	tt1559549	False	http://www.rottentomatoes.com/m/restrepo	False	http://www.metacritic.com/movie/restrepo	False	https://www.boxofficemojo.com/title/tt1559549/
South of the Border	https://en.wikipedia.org/wiki/South_of_the_Border_(2009_film)	http://www.imdb.com/title/tt1337137/	tt1337137	False	https://www.rottentomatoes.com/m/south_of_the_border	False	http://www.metacritic.com/movie/south-of-the-border	False	https://www.boxofficemojo.com/title/tt1337137/
Wild Grass	https://en.wikipedia.org/wiki/Wild_Grass	http://www.imdb.com/title/tt1156143/	tt1156143	False	http://www.rottentomatoes.com/m/herbes_folles	False	http://www.metacritic.com/movie/wild-grass/	False	https://www.boxofficemojo.com/title/tt1156143/
The Twilight Saga: Eclipse	https://en.wikipedia.org/wiki/The_Twilight_Saga:_Eclipse	http://www.imdb.com/title/tt1325004/	tt1325004	False	http://www.rottentomatoes.com/m/twilight_saga_eclipse	False	http://www.metacritic.com/movie/the-twilight-saga-eclipse	False	https://www.boxofficemojo.com/title/tt1325004/
Love Ranch	https://en.wikipedia.org/wiki/Love_Ranch	http://www.imdb.com/title/tt1125929/	tt1125929	False	http://www.rottentomatoes.com/m/love_ranch	False	http://www.metacritic.com/movie/love-ranch	False	https://www.boxofficemojo.com/title/tt1125929/
The Last Airbender	https://en.wikipedia.org/wiki/The_Last_Airbender	http://www.imdb.com/title/tt0938283/	tt0938283	False	http://www.rottentomatoes.com/m/last_airbender	False	http://www.metacritic.com/movie/the-last-airbender	False	https://www.boxofficemojo.com/title/tt0938283/
Great Directors	https://en.wikipedia.org/wiki/Great_Directors	http://www.imdb.com/title/tt1445683/	tt1445683	False	http://www.rottentomatoes.com/m/great-directors	False	http://www.metacritic.com/movie/great-directors	False	https://www.boxofficemojo.com/title/tt1445683/
Dragon Tales	https://en.wikipedia.org/wiki/Dragon_Tales	http://www.imdb.com/title/tt0243061/	tt0243061	False	https://www.rottentomatoes.com/tv/dragon_tales	False	https://www.metacritic.com/tv/dragon-tales	False	https://www.boxofficemojo.com/title/tt0243061/
Despicable Me	https://en.wikipedia.org/wiki/Despicable_Me	http://www.imdb.com/title/tt1323594/	tt1323594	False	http://www.rottentomatoes.com/m/1214097_despicable_me	False	http://www.metacritic.com/movie/despicable-me	False	https://www.boxofficemojo.com/title/tt1323594/
Predators	https://en.wikipedia.org/wiki/Predators_(film)	http://www.imdb.com/title/tt1424381/	tt1424381	False	http://www.rottentomatoes.com/m/10012256_predators	False	http://www.metacritic.com/movie/predators	False	https://www.boxofficemojo.com/title/tt1424381/
The Kids Are All Right	https://en.wikipedia.org/wiki/The_Kids_Are_All_Right_(film)	http://www.imdb.com/title/tt0842926/	tt0842926	False	http://www.rottentomatoes.com/m/10012141-kids_are_all_right	False	http://www.metacritic.com/movie/the-kids-are-all-right	False	https://www.boxofficemojo.com/title/tt0842926/
The Girl Who Played With Fire	https://en.wikipedia.org/wiki/The_Girl_Who_Played_with_Fire_(film)	http://www.imdb.com/title/tt1216487/	tt1216487	False	http://www.rottentomatoes.com/m/girl_who_played_with_fire	False	http://www.metacritic.com/movie/the-girl-who-played-with-fire	False	https://www.boxofficemojo.com/title/tt1216487/
REC 2	https://en.wikipedia.org/wiki/REC_2	http://www.imdb.com/title/tt1245112/	tt1245112	False	http://www.rottentomatoes.com/m/rec_2	False	http://www.metacritic.com/movie/rec-2	False	https://www.boxofficemojo.com/title/tt1245112/
Valhalla Rising	https://en.wikipedia.org/wiki/Valhalla_Rising_(film)	http://www.imdb.com/title/tt0862467/	tt0862467	False	http://www.rottentomatoes.com/m/valhalla_rising	False	http://www.metacritic.com/movie/valhalla-rising	False	https://www.boxofficemojo.com/title/tt0862467/
Winnebago Man	https://en.wikipedia.org/wiki/Winnebago_Man	http://www.imdb.com/title/tt1396557/	tt1396557	False	http://www.rottentomatoes.com/m/winnebago-man/	False	http://www.metacritic.com/movie/winnebago-man	False	https://www.boxofficemojo.com/title/tt1396557/
The Sorcerer's Apprentice	https://en.wikipedia.org/wiki/The_Sorcerer%27s_Apprentice_(2010_film)	http://www.imdb.com/title/tt0963966/	tt0963966	False	http://www.rottentomatoes.com/m/sorcerers_apprentice/	False	http://www.metacritic.com/movie/the-sorcerers-apprentice	False	https://www.boxofficemojo.com/title/tt0963966/
Inception	https://en.wikipedia.org/wiki/Inception	http://www.imdb.com/title/tt1375666/	tt1375666	False	http://www.rottentomatoes.com/m/inception	False	http://www.metacritic.com/movie/inception	False	https://www.boxofficemojo.com/title/tt1375666/
Kisses	https://en.wikipedia.org/wiki/Kisses_(film)	http://www.imdb.com/title/tt0975684/	tt0975684	False	http://www.rottentomatoes.com/m/kisses2008	False	http://www.metacritic.com/movie/kisses/	False	https://www.boxofficemojo.com/title/tt0975684/
Standing Ovation	https://en.wikipedia.org/wiki/Standing_Ovation_(film)	http://www.imdb.com/title/tt1303803/	tt1303803	False	http://www.rottentomatoes.com/m/standing_ovation_2010	False	http://www.metacritic.com/movie/standing-ovation	False	https://www.boxofficemojo.com/title/tt1303803/
Ramona and Beezus	https://en.wikipedia.org/wiki/Ramona_and_Beezus	http://www.imdb.com/title/tt0493949/	tt0493949	False	http://www.rottentomatoes.com/m/Ramona_and_Beezus	False	http://www.metacritic.com/movie/ramona-and-beezus	False	https://www.boxofficemojo.com/title/tt0493949/
Salt	https://en.wikipedia.org/wiki/Salt_(2010_film)	http://www.imdb.com/title/tt0944835/	tt0944835	False	http://www.rottentomatoes.com/m/1213717-salt	False	http://www.metacritic.com/movie/salt/critic-reviews	False	https://www.boxofficemojo.com/title/tt0944835/
Countdown to Zero	https://en.wikipedia.org/wiki/Countdown_to_Zero	http://www.imdb.com/title/tt1572769/	tt1572769	False	http://www.rottentomatoes.com/m/countdown_to_zero	False	http://www.metacritic.com/movie/countdown-to-zero	False	https://www.boxofficemojo.com/title/tt1572769/
Farewell	https://en.wikipedia.org/wiki/Farewell_(2009_film)	http://www.imdb.com/title/tt0806029/	tt0806029	False	http://www.rottentomatoes.com/m/farewell_2010/	False	http://www.metacritic.com/movie/farewell	False	https://www.boxofficemojo.com/title/tt0806029/
Life During Wartime	https://en.wikipedia.org/wiki/Life_During_Wartime_(film)	http://www.imdb.com/title/tt0808526/	tt0808526	False	http://www.rottentomatoes.com/m/1211512-life_during_wartime	False	http://www.metacritic.com/movie/life-during-wartime	False	https://www.boxofficemojo.com/title/tt0808526/
Mugabe and the White African	https://en.wikipedia.org/wiki/Mugabe_and_the_White_African	http://www.imdb.com/title/tt1437235/	tt1437235	False	https://www.rottentomatoes.com/m/mugabe_and_the_white_african_2010	False	http://www.metacritic.com/movie/mugabe-and-the-white-african	False	https://www.boxofficemojo.com/title/tt1437235/
Spoken Word	https://en.wikipedia.org/wiki/Spoken_Word_(film)	http://www.imdb.com/title/tt1212443/	tt1212443	False	http://www.rottentomatoes.com/m/spoken_word	False	http://www.metacritic.com/movie/spoken-word	False	https://www.boxofficemojo.com/title/tt1212443/
Cats & Dogs: The Revenge of Kitty Galore	https://en.wikipedia.org/wiki/Cats_%26_Dogs:_The_Revenge_of_Kitty_Galore	http://www.imdb.com/title/tt1287468/	tt1287468	False	http://www.rottentomatoes.com/m/cats_and_dogs_the_revenge_of_kitty_galore	False	http://www.metacritic.com/movie/cats-dogs-the-revenge-of-kitty-galore	False	https://www.boxofficemojo.com/title/tt1287468/
Charlie St. Cloud	https://en.wikipedia.org/wiki/Charlie_St._Cloud_(film)	http://www.imdb.com/title/tt1438254/	tt1438254	False	http://www.rottentomatoes.com/m/charlie_st_cloud	False	http://www.metacritic.com/movie/charlie-st-cloud	False	https://www.boxofficemojo.com/title/tt1438254/
Dinner for Schmucks	https://en.wikipedia.org/wiki/Dinner_for_Schmucks	http://www.imdb.com/title/tt0427152/	tt0427152	False	http://www.rottentomatoes.com/m/dinner_for_schmucks	False	http://www.metacritic.com/movie/dinner-for-schmucks	False	https://www.boxofficemojo.com/title/tt0427152/
The Dry Land	https://en.wikipedia.org/wiki/The_Dry_Land	http://www.imdb.com/title/tt1322264/	tt1322264	False	http://www.rottentomatoes.com/m/dry_land	False	http://www.metacritic.com/movie/the-dry-land	False	https://www.boxofficemojo.com/title/tt1322264/
The Extra Man	https://en.wikipedia.org/wiki/The_Extra_Man_(film)	http://www.imdb.com/title/tt1361313/	tt1361313	False	http://www.rottentomatoes.com/m/extra_man	False	http://www.metacritic.com/movie/the-extra-man	False	https://www.boxofficemojo.com/title/tt1361313/
Get Low	https://en.wikipedia.org/wiki/Get_Low_(film)	http://www.imdb.com/title/tt1194263/	tt1194263	False	http://www.rottentomatoes.com/m/get_low	False	http://www.metacritic.com/movie/get-low	False	https://www.boxofficemojo.com/title/tt1194263/
Hugh Hefner: Playboy, Activist and Rebel	https://en.wikipedia.org/wiki/Hugh_Hefner:_Playboy,_Activist_and_Rebel	http://www.imdb.com/title/tt1503776/	tt1503776	False	http://www.rottentomatoes.com/m/hugh_hefner_playboy_activist_and_rebel	False	http://www.metacritic.com/movie/hugh-hefner-playboy-activist-and-rebel/	False	https://www.boxofficemojo.com/title/tt1503776/
Smash His Camera	https://en.wikipedia.org/wiki/Smash_His_Camera	http://www.imdb.com/title/tt1280015/	tt1280015	False	https://www.rottentomatoes.com/m/smash_his_camera	False	http://www.metacritic.com/movie/smash-his-camera	False	https://www.boxofficemojo.com/title/tt1280015/
What's the Matter with Kansas?	https://en.wikipedia.org/wiki/What%27s_the_Matter_with_Kansas%3F_(film)	http://www.imdb.com/title/tt1323977/	tt1323977	False	https://www.rottentomatoes.com/m/whats_the_matter_with_kansas	False	http://www.metacritic.com/movie/whats-the-matter-with-kansas	False	https://www.boxofficemojo.com/title/tt1323977/
Flipped	https://en.wikipedia.org/wiki/Flipped_(2010_film)	http://www.imdb.com/title/tt0817177/	tt0817177	False	http://www.rottentomatoes.com/m/flipped	False	http://www.metacritic.com/movie/flipped	False	https://www.boxofficemojo.com/title/tt0817177/
The Other Guys	https://en.wikipedia.org/wiki/The_Other_Guys	http://www.imdb.com/title/tt1386588/	tt1386588	False	http://www.rottentomatoes.com/m/other_guys	False	http://www.metacritic.com/movie/the-other-guys	False	https://www.boxofficemojo.com/title/tt1386588/
Step Up 3D	https://en.wikipedia.org/wiki/Step_Up_3D	http://www.imdb.com/title/tt1193631/	tt1193631	False	http://www.rottentomatoes.com/m/step_up_3d	False	https://www.metacritic.com/movie/step-up-3-d	False	https://www.boxofficemojo.com/title/tt1193631/
Brotherhood	https://en.wikipedia.org/wiki/Brotherhood_(2009_film)	http://www.imdb.com/title/tt1327820/	tt1327820	False	https://www.rottentomatoes.com/m/brotherhood	False	http://www.metacritic.com/movie/brotherhood	False	https://www.boxofficemojo.com/title/tt1327820/
Cairo Time	https://en.wikipedia.org/wiki/Cairo_Time	http://www.imdb.com/title/tt0896529/	tt0896529	False	http://www.rottentomatoes.com/m/cairo_time	False	http://www.metacritic.com/movie/cairo-time/	False	https://www.boxofficemojo.com/title/tt0896529/
The Disappearance of Alice Creed	https://en.wikipedia.org/wiki/The_Disappearance_of_Alice_Creed	http://www.imdb.com/title/tt1379177/	tt1379177	False	http://www.rottentomatoes.com/m/disappearance_of_alice_creed	False	http://www.metacritic.com/movie/the-disappearance-of-alice-creed	False	https://www.boxofficemojo.com/title/tt1379177/
Lebanon	https://en.wikipedia.org/wiki/Lebanon_(2009_film)	http://www.imdb.com/title/tt1483831/	tt1483831	False	http://www.rottentomatoes.com/m/lebanon-2010	False	http://www.metacritic.com/movie/lebanon	False	https://www.boxofficemojo.com/title/tt1483831/
Middle Men	https://en.wikipedia.org/wiki/Middle_Men_(film)	http://www.imdb.com/title/tt1251757/	tt1251757	False	http://www.rottentomatoes.com/m/middle_men	False	http://www.metacritic.com/movie/middle-men	False	https://www.boxofficemojo.com/title/tt1251757/
Patrik, Age 1.5	https://en.wikipedia.org/wiki/Patrik,_Age_1.5	http://www.imdb.com/title/tt1067733/	tt1067733	False	http://www.rottentomatoes.com/m/patrik_age_15	False	http://www.metacritic.com/movie/patrik-age-15	False	https://www.boxofficemojo.com/title/tt1067733/
Spring Fever	https://en.wikipedia.org/wiki/Spring_Fever_(2009_film)	http://www.imdb.com/title/tt1422119/	tt1422119	False	https://www.rottentomatoes.com/m/spring_fever_2009	False	http://www.metacritic.com/movie/spring-fever/	False	https://www.boxofficemojo.com/title/tt1422119/
The Wildest Dream	https://en.wikipedia.org/wiki/The_Wildest_Dream	http://www.imdb.com/title/tt1509276/	tt1509276	False	http://www.rottentomatoes.com/m/the_wildest_dream/	False	http://www.metacritic.com/movie/the-wildest-dream	False	https://www.boxofficemojo.com/title/tt1509276/
Eat Pray Love	https://en.wikipedia.org/wiki/Eat_Pray_Love	http://www.imdb.com/title/tt0879870/	tt0879870	False	http://www.rottentomatoes.com/m/eat_pray_love	False	http://www.metacritic.com/movie/eat-pray-love	False	https://www.boxofficemojo.com/title/tt0879870/
The Expendables	https://en.wikipedia.org/wiki/The_Expendables_(2010_film)	http://www.imdb.com/title/tt1320253/	tt1320253	False	http://www.rottentomatoes.com/m/the_expendables	False	http://www.metacritic.com/movie/the-expendables	False	https://www.boxofficemojo.com/title/tt1320253/
Scott Pilgrim vs. the World	https://en.wikipedia.org/wiki/Scott_Pilgrim_vs._the_World	http://www.imdb.com/title/tt0446029/	tt0446029	False	http://www.rottentomatoes.com/m/scott_pilgrims_vs_the_world	False	http://www.metacritic.com/movie/scott-pilgrim-vs-the-world	False	https://www.boxofficemojo.com/title/tt0446029/
Animal Kingdom	https://en.wikipedia.org/wiki/Animal_Kingdom_(film)	http://www.imdb.com/title/tt1313092/	tt1313092	False	http://www.rottentomatoes.com/m/animal_kingdom	False	http://www.metacritic.com/movie/animal-kingdom	False	https://www.boxofficemojo.com/title/tt1313092/
Neshoba	https://en.wikipedia.org/wiki/Neshoba_(film)	http://www.imdb.com/title/tt1337155/	tt1337155	False	https://www.rottentomatoes.com/m/neshoba	False	http://www.metacritic.com/movie/neshoba	False	https://www.boxofficemojo.com/title/tt1337155/
Peepli Live	https://en.wikipedia.org/wiki/Peepli_Live	http://www.imdb.com/title/tt1447508/	tt1447508	False	http://www.rottentomatoes.com/m/peepli-live	False	http://www.metacritic.com/movie/peepli-live	False	https://www.boxofficemojo.com/title/tt1447508/
The People I've Slept With	https://en.wikipedia.org/wiki/The_People_I%27ve_Slept_With	http://www.imdb.com/title/tt1024770/	tt1024770	False	https://www.rottentomatoes.com/m/the_people_ive_slept_with	False	http://www.metacritic.com/movie/the-people-ive-slept-with	False	https://www.boxofficemojo.com/title/tt1024770/
Salt of this Sea	https://en.wikipedia.org/wiki/Salt_of_this_Sea	http://www.imdb.com/title/tt1090680/	tt1090680	False	https://www.rottentomatoes.com/m/salt_of_this_sea	False	http://www.metacritic.com/movie/salt-of-this-sea	False	https://www.boxofficemojo.com/title/tt1090680/
La Soga	https://en.wikipedia.org/wiki/La_Soga	http://www.imdb.com/title/tt1269696/	tt1269696	False	https://www.rottentomatoes.com/m/la_soga	False	https://www.metacritic.com/movie/the-butchers-son	False	https://www.boxofficemojo.com/title/tt1269696/
Tales from Earthsea	https://en.wikipedia.org/wiki/Tales_from_Earthsea_(film)	http://www.imdb.com/title/tt0495596/	tt0495596	False	http://www.rottentomatoes.com/m/gedo-senki-tales-from-earthsea/	False	http://www.metacritic.com/movie/tales-from-earthsea/	False	https://www.boxofficemojo.com/title/tt0495596/
Vampires Suck	https://en.wikipedia.org/wiki/Vampires_Suck	http://www.imdb.com/title/tt1666186/	tt1666186	False	http://www.rottentomatoes.com/m/vampires_suck	False	http://www.metacritic.com/movie/vampires-suck	False	https://www.boxofficemojo.com/title/tt1666186/
A Film Unfinished	https://en.wikipedia.org/wiki/A_Film_Unfinished	http://www.imdb.com/title/tt1568923/	tt1568923	False	http://www.rottentomatoes.com/m/film_unfinished	False	http://www.metacritic.com/movie/a-film-unfinished	False	https://www.boxofficemojo.com/title/tt1568923/
Lottery Ticket	https://en.wikipedia.org/wiki/Lottery_Ticket_(2010_film)	http://www.imdb.com/title/tt0979434/	tt0979434	False	http://www.rottentomatoes.com/m/10012039-lottery_ticket	False	http://www.metacritic.com/movie/lottery-ticket	False	https://www.boxofficemojo.com/title/tt0979434/
Nanny McPhee and the Big Bang	https://en.wikipedia.org/wiki/Nanny_McPhee_and_the_Big_Bang	http://www.imdb.com/title/tt1415283/	tt1415283	False	http://www.rottentomatoes.com/m/nanny_mcphee_returns	False	https://www.metacritic.com/movie/nanny-mcphee-returns	False	https://www.boxofficemojo.com/title/tt1415283/
Piranha 3D	https://en.wikipedia.org/wiki/Piranha_3D	http://www.imdb.com/title/tt0464154/	tt0464154	False	http://www.rottentomatoes.com/m/piranha_3d	False	http://www.metacritic.com/movie/piranha-3-d	False	https://www.boxofficemojo.com/title/tt0464154/
The Switch	https://en.wikipedia.org/wiki/The_Switch_(2010_film)	http://www.imdb.com/title/tt0889573/	tt0889573	False	http://www.rottentomatoes.com/m/baster	False	http://www.metacritic.com/movie/the-switch	False	https://www.boxofficemojo.com/title/tt0889573/
The Army of Crime	https://en.wikipedia.org/wiki/The_Army_of_Crime	http://www.imdb.com/title/tt1258120/	tt1258120	False	http://www.rottentomatoes.com/m/army_of_crime	False	http://www.metacritic.com/movie/the-army-of-crime	False	https://www.boxofficemojo.com/title/tt1258120/
Mao's Last Dancer	https://en.wikipedia.org/wiki/Mao%27s_Last_Dancer_(film)	http://www.imdb.com/title/tt1071812/	tt1071812	False	http://www.rottentomatoes.com/m/maos_last_dancer	False	http://www.metacritic.com/movie/maos-last-dancer	False	https://www.boxofficemojo.com/title/tt1071812/
Soul Kitchen	https://en.wikipedia.org/wiki/Soul_Kitchen_(film)	http://www.imdb.com/title/tt1244668/	tt1244668	False	http://www.rottentomatoes.com/m/kitchen-party1997	False	http://www.metacritic.com/movie/soul-kitchen/	False	https://www.boxofficemojo.com/title/tt1244668/
The Tillman Story	https://en.wikipedia.org/wiki/The_Tillman_Story	http://www.imdb.com/title/tt1568334/	tt1568334	False	http://www.rottentomatoes.com/m/the_tillman_story/	False	http://www.metacritic.com/movie/the-tillman-story	False	https://www.boxofficemojo.com/title/tt1568334/
What If...	https://en.wikipedia.org/wiki/What_If..._(2010_film)	http://www.imdb.com/title/tt1468387/	tt1468387	False	http://www.rottentomatoes.com/m/what_if_2010	False	http://www.metacritic.com/movie/what-if	False	https://www.boxofficemojo.com/title/tt1468387/
The Last Exorcism	https://en.wikipedia.org/wiki/The_Last_Exorcism	http://www.imdb.com/title/tt1320244/	tt1320244	False	http://www.rottentomatoes.com/m/last_exorcism	False	http://www.metacritic.com/movie/the-last-exorcism	False	https://www.boxofficemojo.com/title/tt1320244/
Takers	https://en.wikipedia.org/wiki/Takers	http://www.imdb.com/title/tt1135084/	tt1135084	False	http://www.rottentomatoes.com/m/takers	False	http://www.metacritic.com/movie/takers	False	https://www.boxofficemojo.com/title/tt1135084/
Avatar	https://en.wikipedia.org/wiki/Avatar_(2009_film)	http://www.imdb.com/title/tt0499549/	tt0499549	False	http://www.rottentomatoes.com/m/avatar	False	http://www.metacritic.com/movie/avatar	False	https://www.boxofficemojo.com/title/tt0499549/
Centurion	https://en.wikipedia.org/wiki/Centurion_(film)	http://www.imdb.com/title/tt1020558/	tt1020558	False	http://www.rottentomatoes.com/m/centurion	False	http://www.metacritic.com/movie/centurion	False	https://www.boxofficemojo.com/title/tt1020558/
Make-out with Violence	https://en.wikipedia.org/wiki/Make-out_with_Violence	http://www.imdb.com/title/tt1284485/	tt1284485	False	https://www.rottentomatoes.com/m/make_out_with_violence_2009	False	https://www.metacritic.com/movie/make-out-with-violence	False	https://www.boxofficemojo.com/title/tt1284485/
Mesrine Part 1: Killer Instinct	https://en.wikipedia.org/wiki/Mesrine_(2008_film)	https://www.imdb.com/title/tt1259014/	tt1259014	False	http://www.rottentomatoes.com/m/instinct_de_mort/	False	https://www.metacritic.com/movie/mesrine-killer-instinct	False	https://www.boxofficemojo.com/title/tt1259014/
Mesrine Part 2: Public Enemy #1	https://en.wikipedia.org/wiki/Mesrine_(2008_film)	https://www.imdb.com/title/tt0411272/	tt0411272	False	https://www.rottentomatoes.com/m/mesrine_public_enemy_1	False	https://www.metacritic.com/movie/mesrine-public-enemy-no-1	False	https://www.boxofficemojo.com/title/tt0411272/
The Milk of Sorrow	https://en.wikipedia.org/wiki/The_Milk_of_Sorrow	http://www.imdb.com/title/tt1206488/	tt1206488	False	https://www.rottentomatoes.com/m/milk_of_sorrow	False	http://www.metacritic.com/movie/the-milk-of-sorrow	False	https://www.boxofficemojo.com/title/tt1206488/
The American	https://en.wikipedia.org/wiki/The_American_(2010_film)	http://www.imdb.com/title/tt1440728/	tt1440728	False	http://www.rottentomatoes.com/m/american	False	http://www.metacritic.com/movie/the-american	False	https://www.boxofficemojo.com/title/tt1440728/
Going the Distance	https://en.wikipedia.org/wiki/Going_the_Distance_(2010_film)	http://www.imdb.com/title/tt1322312/	tt1322312	False	http://www.rottentomatoes.com/m/10012042_going_the_distance	False	http://www.metacritic.com/movie/going-the-distance	False	https://www.boxofficemojo.com/title/tt1322312/
Machete	https://en.wikipedia.org/wiki/Machete_(2010_film)	http://www.imdb.com/title/tt0985694/	tt0985694	False	http://www.rottentomatoes.com/m/machete	False	http://www.metacritic.com/movie/machete	False	https://www.boxofficemojo.com/title/tt0985694/
Resident Evil: Afterlife	https://en.wikipedia.org/wiki/Resident_Evil:_Afterlife	http://www.imdb.com/title/tt1220634/	tt1220634	False	http://www.rottentomatoes.com/m/resident_evil_afterlife	False	http://www.metacritic.com/movie/resident-evil-afterlife	False	https://www.boxofficemojo.com/title/tt1220634/
The Virginity Hit	https://en.wikipedia.org/wiki/The_Virginity_Hit	http://www.imdb.com/title/tt1695994/	tt1695994	False	http://www.rottentomatoes.com/m/the_virginity_hit_2010/	False	http://www.metacritic.com/movie/the-virginity-hit	False	https://www.boxofficemojo.com/title/tt1695994/
Never Let Me Go	https://en.wikipedia.org/wiki/Never_Let_Me_Go_(2010_film)	http://www.imdb.com/title/tt1334260/	tt1334260	False	http://www.rottentomatoes.com/m/Never_Let_Me_Go_2010/	False	http://www.metacritic.com/movie/never-let-me-go	False	https://www.boxofficemojo.com/title/tt1334260/
Alpha and Omega	https://en.wikipedia.org/wiki/Alpha_and_Omega_(film)	http://www.imdb.com/title/tt1213012/	tt1213012	False	http://www.rottentomatoes.com/m/alpha_and_omega	False	http://www.metacritic.com/movie/alpha-and-omega	False	https://www.boxofficemojo.com/title/tt1213012/
Devil	https://en.wikipedia.org/wiki/Devil_(2010_film)	http://www.imdb.com/title/tt1314655/	tt1314655	False	http://www.rottentomatoes.com/m/771203480	False	http://www.metacritic.com/movie/devil	False	https://www.boxofficemojo.com/title/tt1314655/
Easy A	https://en.wikipedia.org/wiki/Easy_A	http://www.imdb.com/title/tt1282140/	tt1282140	False	http://www.rottentomatoes.com/m/easy-a	False	http://www.metacritic.com/movie/easy-a	False	https://www.boxofficemojo.com/title/tt1282140/
The Town	https://en.wikipedia.org/wiki/The_Town_(2010_film)	http://www.imdb.com/title/tt0840361/	tt0840361	False	http://www.rottentomatoes.com/m/the_town	False	http://www.metacritic.com/movie/the-town	False	https://www.boxofficemojo.com/title/tt0840361/
Catfish	https://en.wikipedia.org/wiki/Catfish_(film)	http://www.imdb.com/title/tt1584016/	tt1584016	False	http://www.rottentomatoes.com/m/catfish	False	http://www.metacritic.com/movie/catfish	False	https://www.boxofficemojo.com/title/tt1584016/
Jack Goes Boating	https://en.wikipedia.org/wiki/Jack_Goes_Boating_(film)	http://www.imdb.com/title/tt1278379/	tt1278379	False	http://www.rottentomatoes.com/m/jack_goes_boating	False	http://www.metacritic.com/movie/jack-goes-boating/	False	https://www.boxofficemojo.com/title/tt1278379/
Last Day of Summer	https://en.wikipedia.org/wiki/Last_Day_of_Summer	http://www.imdb.com/title/tt1242544/	tt1242544	False	http://www.rottentomatoes.com/m/last_day_of_summer-2009/	False	http://www.metacritic.com/movie/last-day-of-summer	False	https://www.boxofficemojo.com/title/tt1242544/
Leaves of Grass	https://en.wikipedia.org/wiki/Leaves_of_Grass_(film)	http://www.imdb.com/title/tt1151359/	tt1151359	False	http://www.rottentomatoes.com/m/10010334-leaves_of_grass	False	http://www.metacritic.com/movie/leaves-of-grass	False	https://www.boxofficemojo.com/title/tt1151359/
You Will Meet a Tall Dark Stranger	https://en.wikipedia.org/wiki/You_Will_Meet_a_Tall_Dark_Stranger	http://www.imdb.com/title/tt1182350/	tt1182350	False	http://www.rottentomatoes.com/m/you_will_meet_a_tall_dark_stranger	False	http://www.metacritic.com/movie/you-will-meet-a-tall-dark-stranger	False	https://www.boxofficemojo.com/title/tt1182350/
Legend of the Guardians: The Owls of Ga'Hoole	https://en.wikipedia.org/wiki/Legend_of_the_Guardians:_The_Owls_of_Ga%27Hoole	http://www.imdb.com/title/tt1219342/	tt1219342	False	http://www.rottentomatoes.com/m/legend_of_the_guardians	False	http://www.metacritic.com/movie/legend-of-the-guardians-the-owls-of-gahoole	False	https://www.boxofficemojo.com/title/tt1219342/
Wall Street: Money Never Sleeps	https://en.wikipedia.org/wiki/Wall_Street:_Money_Never_Sleeps	http://www.imdb.com/title/tt1027718/	tt1027718	False	http://www.rottentomatoes.com/m/wall_street_money_never_sleeps	False	http://www.metacritic.com/movie/wall-street-money-never-sleeps	False	https://www.boxofficemojo.com/title/tt1027718/
You Again	https://en.wikipedia.org/wiki/You_Again	http://www.imdb.com/title/tt1414382/	tt1414382	False	http://www.rottentomatoes.com/m/you_again	False	http://www.metacritic.com/movie/you-again	False	https://www.boxofficemojo.com/title/tt1414382/
Buried	https://en.wikipedia.org/wiki/Buried_(film)	http://www.imdb.com/title/tt1462758/	tt1462758	False	http://www.rottentomatoes.com/m/buried	False	http://www.metacritic.com/movie/buried	False	https://www.boxofficemojo.com/title/tt1462758/
Norwegian Wood	https://en.wikipedia.org/wiki/Norwegian_Wood_(film)	http://www.imdb.com/title/tt1270842/	tt1270842	False	http://www.rottentomatoes.com/m/norwegian-wood	False	http://www.metacritic.com/movie/norwegian-wood	False	https://www.boxofficemojo.com/title/tt1270842/
Case 39	https://en.wikipedia.org/wiki/Case_39	http://www.imdb.com/title/tt0795351/	tt0795351	False	http://www.rottentomatoes.com/m/case_39	False	http://www.metacritic.com/movie/case-39	False	https://www.boxofficemojo.com/title/tt0795351/
Let Me In	https://en.wikipedia.org/wiki/Let_Me_In_(film)	http://www.imdb.com/title/tt1228987/	tt1228987	False	http://www.rottentomatoes.com/m/let_me_in	False	http://www.metacritic.com/movie/let-me-in	False	https://www.boxofficemojo.com/title/tt1228987/
The Social Network	https://en.wikipedia.org/wiki/The_Social_Network	http://www.imdb.com/title/tt1285016/	tt1285016	False	http://www.rottentomatoes.com/m/the-social-network	False	http://www.metacritic.com/movie/the-social-network	False	https://www.boxofficemojo.com/title/tt1285016/
It's Kind of a Funny Story	https://en.wikipedia.org/wiki/It%27s_Kind_of_a_Funny_Story_(film)	http://www.imdb.com/title/tt0804497/	tt0804497	False	http://www.rottentomatoes.com/m/its-kind-of-a-funny-story	False	http://www.metacritic.com/movie/its-kind-of-a-funny-story	False	https://www.boxofficemojo.com/title/tt0804497/
Life as We Know It	https://en.wikipedia.org/wiki/Life_as_We_Know_It_(film)	http://www.imdb.com/title/tt1055292/	tt1055292	False	http://www.rottentomatoes.com/m/10012044-life_as_we_know_it	False	http://www.metacritic.com/movie/life-as-we-know-it	False	https://www.boxofficemojo.com/title/tt1055292/
My Soul to Take	https://en.wikipedia.org/wiki/My_Soul_to_Take	http://www.imdb.com/title/tt0872230/	tt0872230	False	http://www.rottentomatoes.com/m/258	False	http://www.metacritic.com/movie/my-soul-to-take	False	https://www.boxofficemojo.com/title/tt0872230/
Secretariat	https://en.wikipedia.org/wiki/Secretariat_(film)	http://www.imdb.com/title/tt1028576/	tt1028576	False	http://www.rottentomatoes.com/m/secretariat/	False	http://www.metacritic.com/movie/secretariat	False	https://www.boxofficemojo.com/title/tt1028576/
Elite Squad: The Enemy Within	https://en.wikipedia.org/wiki/Elite_Squad:_The_Enemy_Within	http://www.imdb.com/title/tt1555149/	tt1555149	False	http://www.rottentomatoes.com/m/elite_squad_the_enemy_within	False	http://www.metacritic.com/movie/elite-squad-the-enemy-within	False	https://www.boxofficemojo.com/title/tt1555149/
I Spit on Your Grave	https://en.wikipedia.org/wiki/I_Spit_on_Your_Grave_(2010_film)	http://www.imdb.com/title/tt1242432/	tt1242432	False	http://www.rottentomatoes.com/m/i_spit_on_your_grave_2010	False	http://www.metacritic.com/movie/i-spit-on-your-grave	False	https://www.boxofficemojo.com/title/tt1242432/
Inside Job	https://en.wikipedia.org/wiki/Inside_Job_(2010_film)	http://www.imdb.com/title/tt1645089/	tt1645089	False	http://www.rottentomatoes.com/m/inside_job_2010	False	http://www.metacritic.com/movie/inside-job	False	https://www.boxofficemojo.com/title/tt1645089/
It's a Wonderful Afterlife	https://en.wikipedia.org/wiki/It%27s_a_Wonderful_Afterlife	http://www.imdb.com/title/tt1319716/	tt1319716	False	https://www.rottentomatoes.com/m/its_a_wonderful_afterlife	False	http://www.metacritic.com/movie/its-a-wonderful-afterlife	False	https://www.boxofficemojo.com/title/tt1319716/
Nowhere Boy	https://en.wikipedia.org/wiki/Nowhere_Boy	http://www.imdb.com/title/tt1266029/	tt1266029	False	http://www.rottentomatoes.com/m/nowhere_boy	False	http://www.metacritic.com/movie/nowhere-boy	False	https://www.boxofficemojo.com/title/tt1266029/
Stone	https://en.wikipedia.org/wiki/Stone_(2010_film)	http://www.imdb.com/title/tt1423995/	tt1423995	False	http://www.rottentomatoes.com/m/stone	False	http://www.metacritic.com/movie/stone	False	https://www.boxofficemojo.com/title/tt1423995/
Tamara Drewe	https://en.wikipedia.org/wiki/Tamara_Drewe_(film)	http://www.imdb.com/title/tt1486190/	tt1486190	False	http://www.rottentomatoes.com/m/tamara_drewe_2010/	False	http://www.metacritic.com/movie/tamara-drewe	False	https://www.boxofficemojo.com/title/tt1486190/
Wild Target	https://en.wikipedia.org/wiki/Wild_Target	http://www.imdb.com/title/tt1235189/	tt1235189	False	http://www.rottentomatoes.com/m/wild_target/	False	http://www.metacritic.com/movie/wild-target	False	https://www.boxofficemojo.com/title/tt1235189/
Jackass 3D	https://en.wikipedia.org/wiki/Jackass_3D	http://www.imdb.com/title/tt1753968/	tt1753968	False	http://www.rottentomatoes.com/m/jackass-3	False	http://www.metacritic.com/movie/jackass-3-d	False	https://www.boxofficemojo.com/title/tt1753968/
Red	https://en.wikipedia.org/wiki/Red_(2010_film)	http://www.imdb.com/title/tt1245526/	tt1245526	False	http://www.rottentomatoes.com/m/red	False	http://www.metacritic.com/movie/red	False	https://www.boxofficemojo.com/title/tt1245526/
Carlos	https://en.wikipedia.org/wiki/Carlos_(miniseries)	http://www.imdb.com/title/tt1321865/	tt1321865	False	http://www.rottentomatoes.com/m/carlos_2010	False	http://www.metacritic.com/movie/carlos	False	https://www.boxofficemojo.com/title/tt1321865/
Conviction	https://en.wikipedia.org/wiki/Conviction_(2010_film)	http://www.imdb.com/title/tt1244754/	tt1244754	False	http://www.rottentomatoes.com/m/conviction_2010	False	http://www.metacritic.com/movie/conviction	False	https://www.boxofficemojo.com/title/tt1244754/
Hereafter	https://en.wikipedia.org/wiki/Hereafter_(film)	http://www.imdb.com/title/tt1212419/	tt1212419	False	http://www.rottentomatoes.com/m/hereafter	False	http://www.metacritic.com/movie/hereafter	False	https://www.boxofficemojo.com/title/tt1212419/
Paranormal Activity 2	https://en.wikipedia.org/wiki/Paranormal_Activity_2	http://www.imdb.com/title/tt1536044/	tt1536044	False	http://www.rottentomatoes.com/m/paranormal_activity_2	False	http://www.metacritic.com/movie/paranormal-activity-2	False	https://www.boxofficemojo.com/title/tt1536044/
Saw 3D	https://en.wikipedia.org/wiki/Saw_3D	http://www.imdb.com/title/tt1477076/	tt1477076	False	http://www.rottentomatoes.com/m/saw3d	False	http://www.metacritic.com/movie/saw-3d	False	https://www.boxofficemojo.com/title/tt1477076/
The Girl Who Kicked the Hornets' Nest	https://en.wikipedia.org/wiki/The_Girl_Who_Kicked_the_Hornets%27_Nest_(film)	http://www.imdb.com/title/tt1343097/	tt1343097	False	http://www.rottentomatoes.com/m/the_girl_who_kicked_the_hornets_nest	False	http://www.metacritic.com/movie/the-girl-who-kicked-the-hornets-nest	False	https://www.boxofficemojo.com/title/tt1343097/
Monsters	https://en.wikipedia.org/wiki/Monsters_(2010_film)	http://www.imdb.com/title/tt1470827/	tt1470827	False	http://www.rottentomatoes.com/m/monsters-2010	False	http://www.metacritic.com/movie/monsters	False	https://www.boxofficemojo.com/title/tt1470827/
Due Date	https://en.wikipedia.org/wiki/Due_Date	http://www.imdb.com/title/tt1231583/	tt1231583	False	http://www.rottentomatoes.com/m/due-date	False	http://www.metacritic.com/movie/due-date	False	https://www.boxofficemojo.com/title/tt1231583/
Fair Game	https://en.wikipedia.org/wiki/Fair_Game_(2010_film)	http://www.imdb.com/title/tt0977855/	tt0977855	False	http://www.rottentomatoes.com/m/fair-game-2010	False	http://www.metacritic.com/movie/fair-game-2010	False	https://www.boxofficemojo.com/title/tt0977855/
For Colored Girls	https://en.wikipedia.org/wiki/For_Colored_Girls	http://www.imdb.com/title/tt1405500/	tt1405500	False	http://www.rottentomatoes.com/m/for-colored-girls-who-have-considered-suicide-when-the-rainbow-is-enuf	False	http://www.metacritic.com/movie/for-colored-girls	False	https://www.boxofficemojo.com/title/tt1405500/
Megamind	https://en.wikipedia.org/wiki/Megamind	http://www.imdb.com/title/tt1001526/	tt1001526	False	http://www.rottentomatoes.com/m/megamind	False	http://www.metacritic.com/movie/megamind	False	https://www.boxofficemojo.com/title/tt1001526/
Transformers	https://en.wikipedia.org/wiki/Transformers_(film)	http://www.imdb.com/title/tt0418279/	tt0418279	False	http://www.rottentomatoes.com/m/transformers_the_movie	False	http://www.metacritic.com/movie/transformers	False	https://www.boxofficemojo.com/title/tt0418279/
127 Hours	https://en.wikipedia.org/wiki/127_Hours	http://www.imdb.com/title/tt1542344/	tt1542344	False	http://www.rottentomatoes.com/m/127_hours	False	http://www.metacritic.com/movie/127-hours	False	https://www.boxofficemojo.com/title/tt1542344/
Four Lions	https://en.wikipedia.org/wiki/Four_Lions	http://www.imdb.com/title/tt1341167/	tt1341167	False	http://www.rottentomatoes.com/m/four_lions	False	http://www.metacritic.com/movie/four-lions	False	https://www.boxofficemojo.com/title/tt1341167/
Guy and Madeline on a Park Bench	https://en.wikipedia.org/wiki/Guy_and_Madeline_on_a_Park_Bench	http://www.imdb.com/title/tt1337193/	tt1337193	False	http://www.rottentomatoes.com/m/guy-and-madeline-on-a-park-bench	False	http://www.metacritic.com/movie/guy-and-madeline-on-a-park-bench	False	https://www.boxofficemojo.com/title/tt1337193/
Morning Glory	https://en.wikipedia.org/wiki/Morning_Glory_(2010_film)	http://www.imdb.com/title/tt1126618/	tt1126618	False	http://www.rottentomatoes.com/m/morning-glory-2010	False	http://www.metacritic.com/movie/morning-glory	False	https://www.boxofficemojo.com/title/tt1126618/
Skyline	https://en.wikipedia.org/wiki/Skyline_(2010_film)	http://www.imdb.com/title/tt1564585/	tt1564585	False	http://www.rottentomatoes.com/m/skyline_2010	False	http://www.metacritic.com/movie/skyline/critic-reviews	False	https://www.boxofficemojo.com/title/tt1564585/
Unstoppable	https://en.wikipedia.org/wiki/Unstoppable_(2010_film)	http://www.imdb.com/title/tt0477080/	tt0477080	False	http://www.rottentomatoes.com/m/unstoppable-2010	False	http://www.metacritic.com/movie/unstoppable	False	https://www.boxofficemojo.com/title/tt0477080/
Harry Potter and the Deathly Hallows  Part 1	https://en.wikipedia.org/wiki/Harry_Potter_and_the_Deathly_Hallows_%E2%80%93_Part_1	http://www.imdb.com/title/tt0926084/	tt0926084	False	http://www.rottentomatoes.com/m/harry_potter_and_the_deathly_hallows_part_1	False	http://www.metacritic.com/movie/harry-potter-and-the-deathly-hallows-part-i	False	https://www.boxofficemojo.com/title/tt0926084/
The Next Three Days	https://en.wikipedia.org/wiki/The_Next_Three_Days	http://www.imdb.com/title/tt1458175/	tt1458175	False	http://www.rottentomatoes.com/m/next_three_days	False	http://www.metacritic.com/movie/the-next-three-days	False	https://www.boxofficemojo.com/title/tt1458175/
Made in Dagenham	https://en.wikipedia.org/wiki/Made_in_Dagenham	http://www.imdb.com/title/tt1371155/	tt1371155	False	http://www.rottentomatoes.com/m/made_in_dagenham	False	http://www.metacritic.com/movie/made-in-dagenham	False	https://www.boxofficemojo.com/title/tt1371155/
Burlesque	https://en.wikipedia.org/wiki/Burlesque_(2010_American_film)	http://www.imdb.com/title/tt1126591/	tt1126591	False	http://www.rottentomatoes.com/m/burlesque	False	http://www.metacritic.com/movie/burlesque	False	https://www.boxofficemojo.com/title/tt1126591/
Faster	https://en.wikipedia.org/wiki/Faster_(2010_film)	http://www.imdb.com/title/tt1433108/	tt1433108	False	http://www.rottentomatoes.com/m/faster-2010	False	http://www.metacritic.com/movie/faster-2010	False	https://www.boxofficemojo.com/title/tt1433108/
Love & Other Drugs	https://en.wikipedia.org/wiki/Love_%26_Other_Drugs	http://www.imdb.com/title/tt0758752/	tt0758752	False	http://www.rottentomatoes.com/m/love-and-other-drugs	False	http://www.metacritic.com/movie/love-and-other-drugs	False	https://www.boxofficemojo.com/title/tt0758752/
Tangled	https://en.wikipedia.org/wiki/Tangled	http://www.imdb.com/title/tt0398286/	tt0398286	False	http://www.rottentomatoes.com/m/tangled	False	http://www.metacritic.com/movie/tangled	False	https://www.boxofficemojo.com/title/tt0398286/
Break Ke Baad	https://en.wikipedia.org/wiki/Break_Ke_Baad	http://www.imdb.com/title/tt1578261/	tt1578261	False	https://www.rottentomatoes.com/m/break_ke_baad	False	http://www.metacritic.com/movie/break-ke-baad	False	https://www.boxofficemojo.com/title/tt1578261/
The Nutcracker	https://en.wikipedia.org/wiki/The_Nutcracker_in_3D	http://www.imdb.com/title/tt1041804/	tt1041804	False	http://www.rottentomatoes.com/m/nutcracker_in_3d	False	http://www.metacritic.com/movie/the-nutcracker	False	https://www.boxofficemojo.com/title/tt1041804/
The King's Speech	https://en.wikipedia.org/wiki/The_King%27s_Speech	http://www.imdb.com/title/tt1504320/	tt1504320	False	http://www.rottentomatoes.com/m/the_kings_speech	False	http://www.metacritic.com/movie/the-kings-speech	False	https://www.boxofficemojo.com/title/tt1504320/
Black Swan	https://en.wikipedia.org/wiki/Black_Swan_(film)	http://www.imdb.com/title/tt0947798/	tt0947798	False	http://www.rottentomatoes.com/m/black_swan_2010/	False	http://www.metacritic.com/movie/black-swan	False	https://www.boxofficemojo.com/title/tt0947798/
I Love You Phillip Morris	https://en.wikipedia.org/wiki/I_Love_You_Phillip_Morris	http://www.imdb.com/title/tt1045772/	tt1045772	False	http://www.rottentomatoes.com/m/i_love_you_phillip_morris	False	http://www.metacritic.com/movie/i-love-you-phillip-morris	False	https://www.boxofficemojo.com/title/tt1045772/
The Warrior's Way	https://en.wikipedia.org/wiki/The_Warrior%27s_Way	http://www.imdb.com/title/tt1032751/	tt1032751	False	http://www.rottentomatoes.com/m/the-warriors-way	False	http://www.metacritic.com/movie/the-warriors-way	False	https://www.boxofficemojo.com/title/tt1032751/
Night Catches Us	https://en.wikipedia.org/wiki/Night_Catches_Us	http://www.imdb.com/title/tt0775543/	tt0775543	False	http://www.rottentomatoes.com/m/night_catches_us	False	http://www.metacritic.com/movie/night-catches-us	False	https://www.boxofficemojo.com/title/tt0775543/
The Chronicles of Narnia: The Voyage of the Dawn Treader	https://en.wikipedia.org/wiki/The_Chronicles_of_Narnia:_The_Voyage_of_the_Dawn_Treader	http://www.imdb.com/title/tt0980970/	tt0980970	False	http://www.rottentomatoes.com/m/chronicles_of_narnia_the_voyage_of_the_dawn_treader	False	http://www.metacritic.com/movie/the-chronicles-of-narnia-the-voyage-of-the-dawn-treader	False	https://www.boxofficemojo.com/title/tt0980970/
The Tourist	https://en.wikipedia.org/wiki/The_Tourist_(2010_film)	http://www.imdb.com/title/tt1243957/	tt1243957	False	http://www.rottentomatoes.com/m/tourist	False	http://www.metacritic.com/movie/the-tourist	False	https://www.boxofficemojo.com/title/tt1243957/
Frankie & Alice	https://en.wikipedia.org/wiki/Frankie_%26_Alice	http://www.imdb.com/title/tt1221208/	tt1221208	False	http://www.rottentomatoes.com/m/frankie-and-alice	False	http://www.metacritic.com/movie/frankie-and-alice/	False	https://www.boxofficemojo.com/title/tt1221208/
The Tempest	https://en.wikipedia.org/wiki/The_Tempest_(2010_film)	http://www.imdb.com/title/tt1274300/	tt1274300	False	http://www.rottentomatoes.com/m/tempest	False	http://www.metacritic.com/movie/the-tempest	False	https://www.boxofficemojo.com/title/tt1274300/
The Fighter	https://en.wikipedia.org/wiki/The_Fighter	http://www.imdb.com/title/tt0964517/	tt0964517	False	http://www.rottentomatoes.com/m/the-fighter	False	http://www.metacritic.com/movie/the-fighter	False	https://www.boxofficemojo.com/title/tt0964517/
How Do You Know	https://en.wikipedia.org/wiki/How_Do_You_Know	http://www.imdb.com/title/tt1341188/	tt1341188	False	http://www.rottentomatoes.com/m/everything_youve_got	False	http://www.metacritic.com/movie/how-do-you-know	False	https://www.boxofficemojo.com/title/tt1341188/
Tron Legacy	https://en.wikipedia.org/wiki/Tron:_Legacy	http://www.imdb.com/title/tt1104001/	tt1104001	False	http://www.rottentomatoes.com/m/10011582-TRON_legacy	False	http://www.metacritic.com/movie/tron-legacy	False	https://www.boxofficemojo.com/title/tt1104001/
Yogi Bear	https://en.wikipedia.org/wiki/Yogi_Bear_(film)	http://www.imdb.com/title/tt1302067/	tt1302067	False	http://www.rottentomatoes.com/m/yogi-bear	False	http://www.metacritic.com/movie/yogi-bear	False	https://www.boxofficemojo.com/title/tt1302067/
Casino Jack	https://en.wikipedia.org/wiki/Casino_Jack	http://www.imdb.com/title/tt1194417/	tt1194417	False	http://www.rottentomatoes.com/m/casino-jack	False	http://www.metacritic.com/movie/casino-jack	False	https://www.boxofficemojo.com/title/tt1194417/
Rabbit Hole	https://en.wikipedia.org/wiki/Rabbit_Hole_(film)	http://www.imdb.com/title/tt0935075/	tt0935075	False	http://www.rottentomatoes.com/m/rabbit_hole	False	http://www.metacritic.com/movie/rabbit-hole	False	https://www.boxofficemojo.com/title/tt0935075/
Little Fockers	https://en.wikipedia.org/wiki/Little_Fockers	http://www.imdb.com/title/tt0970866/	tt0970866	False	http://www.rottentomatoes.com/m/little_fockers	False	http://www.metacritic.com/movie/little-fockers	False	https://www.boxofficemojo.com/title/tt0970866/
True Grit	https://en.wikipedia.org/wiki/True_Grit_(2010_film)	http://www.imdb.com/title/tt1403865/	tt1403865	False	http://www.rottentomatoes.com/m/true-grit-2010	False	http://www.metacritic.com/movie/true-grit	False	https://www.boxofficemojo.com/title/tt1403865/
Somewhere	https://en.wikipedia.org/wiki/Somewhere_(film)	http://www.imdb.com/title/tt1421051/	tt1421051	False	http://www.rottentomatoes.com/m/somewhere_2010	False	http://www.metacritic.com/movie/somewhere	False	https://www.boxofficemojo.com/title/tt1421051/
Gulliver's Travels	https://en.wikipedia.org/wiki/Gulliver%27s_Travels_(2010_film)	http://www.imdb.com/title/tt1320261/	tt1320261	False	http://www.rottentomatoes.com/m/gullivers-travels-2010	False	http://www.metacritic.com/movie/gullivers-travels	False	https://www.boxofficemojo.com/title/tt1320261/
The Illusionist	https://en.wikipedia.org/wiki/The_Illusionist_(2010_film)	http://www.imdb.com/title/tt0775489/	tt0775489	False	http://www.rottentomatoes.com/m/the_illusionist-2009	False	http://www.metacritic.com/movie/the-illusionist-1969	False	https://www.boxofficemojo.com/title/tt0775489/
Another Year	https://en.wikipedia.org/wiki/Another_Year_(film)	http://www.imdb.com/title/tt1431181/	tt1431181	False	http://www.rottentomatoes.com/m/another_year_2010	False	http://www.metacritic.com/movie/another-year	False	https://www.boxofficemojo.com/title/tt1431181/
Biutiful	https://en.wikipedia.org/wiki/Biutiful	http://www.imdb.com/title/tt1164999/	tt1164999	False	http://www.rottentomatoes.com/m/biutiful	False	http://www.metacritic.com/movie/biutiful	False	https://www.boxofficemojo.com/title/tt1164999/
Blue Valentine	https://en.wikipedia.org/wiki/Blue_Valentine_(film)	http://www.imdb.com/title/tt1120985/	tt1120985	False	http://www.rottentomatoes.com/m/blue_valentine	False	http://www.metacritic.com/movie/blue-valentine	False	https://www.boxofficemojo.com/title/tt1120985/
